stop_id,station_id,stop_lat,stop_lon
621480,32242,50.09747,8.676647
130338,356243,50.11905,8.643573
374374,370385,50.123814,8.755479
223793,113443,50.124146,8.681432
212937,539074,50.128025,8.579791
409736,381326,50.10477,8.689916
603782,381326,50.10449,8.689835
605112,381326,50.10467,8.68985
641123,11654,50.113686,8.540294
177628,469743,50.15178,8.699858
234390,38406,50.112717,8.53837
266354,38406,50.112644,8.538277
458290,38406,50.11169,8.537391
297403,336837,50.11332,8.693667
368406,336837,50.113186,8.693922
388131,336837,50.113453,8.693761
545271,662592,50.07822,8.512203
216997,9338,50.180637,8.664033
336390,515048,50.128143,8.767485
415341,515048,50.128315,8.767497
616270,515048,50.1285,8.767458
68068,108151,50.16537,8.62253
325316,293532,50.149403,8.619479
160261,356615,50.12442,8.61191
222825,356615,50.12447,8.61197
47608,356615,50.124626,8.611704
474412,584372,50.091167,8.607111
232759,111405,50.118156,8.687232
385028,201742,50.115433,8.67092
339448,321135,50.18545,8.646623
612314,422652,50.14097,8.723637
614733,287245,50.089962,8.573514
75844,8886,50.1515,8.626165
675497,564051,50.176426,8.64123
668566,679450,50.154617,8.756301
328096,378446,50.18444,8.69614
675435,364183,50.09851,8.696626
453932,246694,50.16414,8.663644
635307,552343,50.164146,8.656563
464562,534732,50.141106,8.753813
578211,534732,50.14102,8.75384
442774,534732,50.141144,8.75381
420899,376035,50.11706,8.56199
322895,611380,50.198353,8.715715
680916,657226,50.144627,8.650477
328062,6722,50.096584,8.610729
17572,109596,50.16831,8.688096
289813,617087,50.152267,8.748657
324375,617087,50.152184,8.748522
126247,342255,50.209644,8.702061
144872,342255,50.20975,8.701891
308579,342255,50.209835,8.701783
163813,305181,50.186855,8.698225
624979,228500,50.094208,8.700343
69222,397514,50.1487,8.656575
559192,360789,50.188072,8.634449
3313,545862,50.158337,8.695241
97809,196647,50.196648,8.666736
463173,410857,50.117264,8.631087
38906,72398,50.082317,8.574727
681226,4897,50.150852,8.669992
282729,566521,50.092106,8.502531
639568,646136,50.16054,8.659821
25881,263803,50.178497,8.628588
357438,263803,50.17857,8.628544
422813,263803,50.178642,8.628642
127909,77002,50.0895,8.706744
525058,142656,50.157555,8.640699
94433,88106,50.12511,8.769862
173791,535151,50.13785,8.663255
227124,632851,50.14207,8.719126
589738,602569,50.14226,8.72265
222811,466200,50.140553,8.719456
268132,74285,50.10583,8.552894
359491,585162,50.09096,8.612102
208476,168298,50.162704,8.684101
375020,93568,50.16005,8.689619
228212,259058,50.099438,8.714944
247273,188024,50.14641,8.761296
569824,188024,50.146507,8.761296
21741,246801,50.10451,8.664788
232064,646647,50.125324,8.768308
295889,646647,50.124844,8.76806
367870,646647,50.125767,8.768644
348367,473416,50.099655,8.503879
639695,264230,50.19167,8.661645
154628,120512,50.18497,8.660152
89504,490312,50.190357,8.658783
590866,507908,50.157272,8.767833
536927,484392,50.159813,8.739988
668270,484392,50.1598,8.739709
241402,601503,50.08838,8.696718
136223,401267,50.176353,8.69761
414490,401267,50.176487,8.697827
640727,427551,50.170643,8.696703
172051,590595,50.15721,8.631678
290769,590595,50.157642,8.631546
651231,296875,50.1937,8.659628
609738,650971,50.192993,8.662252
416237,127869,50.132164,8.677169
392358,30680,50.117622,8.691836
329314,567305,50.11401,8.656809
599497,539758,50.09144,8.674494
509465,549597,50.10111,8.603158
193187,123203,50.1001,8.579965
135068,307755,50.135754,8.76497
37121,307755,50.136253,8.76356
469890,307755,50.13578,8.763922
130374,568864,50.100044,8.719707
194441,424733,50.11995,8.653928
115302,545391,50.12433,8.765698
503420,279152,50.1422,8.701611
42725,290041,50.10171,8.553827
46555,627689,50.185287,8.664434
402871,403793,50.1834,8.664629
406420,71684,50.184155,8.651757
475268,176120,50.126347,8.708016
479554,176120,50.126366,8.707974
10505,176120,50.12624,8.708268
54913,435174,50.132545,8.716748
67223,351093,50.12168,8.680442
676658,626459,50.126175,8.654387
246881,306607,50.094048,8.691021
329781,306607,50.094254,8.690896
655436,306607,50.094048,8.690913
473398,172521,50.124275,8.669922
525672,152494,50.12714,8.671511
501257,275662,50.09312,8.677529
577515,93016,50.09275,8.634978
417808,144827,50.123013,8.632497
477916,429725,50.086826,8.644245
416004,310128,50.10176,8.687018
654674,45608,50.097088,8.541892
204261,679086,50.100426,8.724373
615276,292995,50.097267,8.724586
471568,629308,50.130943,8.719093
52391,629308,50.130016,8.716946
229087,6147,50.14903,8.737666
205122,501335,50.094437,8.725259
515184,390818,50.15571,8.667286
602578,16080,50.12759,8.704596
485196,16080,50.127617,8.704624
488698,282631,50.113354,8.537487
281366,629565,50.097164,8.673309
11599,273080,50.112244,8.688308
349003,273080,50.11222,8.687886
497098,273080,50.11255,8.687996
108282,104587,50.11258,8.68917
172890,104587,50.112526,8.689156
681608,104587,50.11257,8.689058
446920,18944,50.15142,8.68412
102760,585259,50.117306,8.770504
166223,585259,50.117542,8.770639
541220,585259,50.117813,8.770773
324034,100446,50.07805,8.628216
542614,19965,50.09885,8.651256
52296,372281,50.121563,8.749771
680128,544527,50.1164,8.761165
502469,512169,50.124012,8.572135
400586,662475,50.129738,8.759714
539799,662475,50.129562,8.75932
667535,662475,50.12987,8.760056
139656,501989,50.09036,8.59408
168127,328979,50.116314,8.541108
44013,621384,50.15972,8.644041
254774,301210,50.133553,8.706
193978,242239,50.08329,8.651285
188686,660825,50.165257,8.693056
184990,383445,50.12211,8.739727
187556,383445,50.122433,8.740104
435506,383445,50.122646,8.740212
264699,87565,50.096825,8.691057
369964,87565,50.09706,8.690976
57958,87565,50.096924,8.691018
374514,366634,50.10882,8.650779
76599,111304,50.136276,8.659713
183398,159212,50.131435,8.683943
320111,386038,50.105274,8.704314
290735,336841,50.11492,8.763461
585559,336841,50.114845,8.763245
656831,336841,50.114967,8.763633
58907,334142,50.09743,8.699121
252709,615192,50.123707,8.743743
305035,615192,50.12374,8.744938
307944,615192,50.12443,8.744904
351341,498161,50.11086,8.684092
605789,615254,50.138645,8.670397
650046,47316,50.136173,8.671253
624126,321650,50.145782,8.728771
147086,251181,50.161068,8.655703
673197,322188,50.108578,8.645329
639499,178517,50.117767,8.556153
519766,422065,50.09633,8.571039
403361,343009,50.141964,8.683566
530696,241053,50.163822,8.621772
110321,578096,50.095215,8.602536
226306,321092,50.086395,8.579665
175297,325388,50.120323,8.772175
271268,325388,50.12,8.772012
8577,325388,50.11984,8.771896
93178,232896,50.124916,8.718541
265633,338597,50.123745,8.716548
501391,338597,50.123447,8.716969
122757,338597,50.12346,8.717459
176425,262589,50.09656,8.598752
327522,427621,50.15689,8.665878
29901,551266,50.106102,8.687796
556799,551266,50.10588,8.688123
572282,551266,50.105854,8.688011
253550,644483,50.13537,8.625157
388449,364959,50.0336,8.591581
175692,127747,50.111675,8.552966
653345,450741,50.17023,8.637511
414206,534083,50.101635,8.548447
552789,117356,50.114197,8.643362
560528,117356,50.11401,8.64197
268025,117356,50.114143,8.641932
274741,201858,50.11477,8.536719
251254,635226,50.149426,8.681111
161209,303226,50.142666,8.755484
342253,303226,50.142372,8.753256
470432,303226,50.142563,8.7539
210433,303226,50.142563,8.753858
391676,278327,50.10485,8.625704
617920,62961,50.120422,8.667698
265722,113334,50.195213,8.705062
530060,504035,50.15794,8.759265
534647,477677,50.177803,8.61686
160641,424804,50.15478,8.634059
272866,189076,50.12616,8.716212
116417,581337,50.097954,8.590718
425228,417260,50.094337,8.63846
463483,146620,50.094086,8.614103
523968,374332,50.117496,8.679141
550561,204821,50.158146,8.655136
461038,204821,50.1583,8.65521
126505,662772,50.139324,8.717226
317922,605418,50.10956,8.539735
428416,605418,50.11117,8.540095
197698,605418,50.110004,8.539253
665294,394079,50.10821,8.636734
104351,423855,50.136204,8.653531
651623,258462,50.10764,8.623864
325594,140500,50.138657,8.66441
325058,180207,50.0767,8.510766
340422,40899,50.098454,8.52832
584552,280353,50.08279,8.587172
283223,668724,50.112545,8.654275
63388,668724,50.11291,8.654522
83608,668724,50.112236,8.654091
377145,668724,50.11224,8.65371
426533,668724,50.11297,8.65449
670895,476582,50.143593,8.690984
408788,672936,50.129345,8.624952
307515,510856,50.100437,8.730914
430055,407680,50.166588,8.673243
133978,228273,50.14864,8.753743
429386,228273,50.14869,8.753705
580027,228273,50.148598,8.753705
64227,287595,50.05329,8.57044
569688,287595,50.053165,8.570185
260778,184202,50.02608,8.555824
138232,525414,50.026134,8.560011
552727,550401,50.026665,8.562197
383073,356399,50.026417,8.565633
430542,581994,50.02207,8.56258
634604,581994,50.022236,8.563298
651555,581994,50.02237,8.563891
250009,223807,50.02321,8.571581
533491,223807,50.02313,8.57176
367831,334094,50.022995,8.576576
408596,334094,50.023006,8.576468
43206,334094,50.022976,8.576674
307506,672190,50.024857,8.583858
319941,672190,50.025337,8.583699
382610,672190,50.024445,8.583834
156913,230859,50.02912,8.588415
379878,230859,50.02943,8.590562
612394,230859,50.029556,8.590886
147286,67465,50.052235,8.599787
288208,136856,50.049206,8.561367
417957,136856,50.04935,8.561268
639655,136856,50.04929,8.561392
101406,55078,50.045513,8.546221
427964,55078,50.045486,8.545143
611120,55078,50.045452,8.545539
253600,628167,50.027905,8.586582
323436,628167,50.028057,8.586654
422972,456137,50.02312,8.5669
628209,193325,50.05122,8.571251
247912,307836,50.051357,8.57141
299949,307836,50.051266,8.571033
624451,307836,50.051212,8.570826
245547,307836,50.05087,8.569658
505899,307836,50.05108,8.571526
488519,479322,50.05257,8.588464
565154,479322,50.05239,8.588101
134858,637973,50.0277,8.582064
20137,637973,50.028027,8.582648
647770,637973,50.029087,8.581587
294523,495364,50.05272,8.593541
360075,284409,50.049744,8.56552
16521,110652,50.047062,8.55242
206190,110652,50.04694,8.550973
402499,110652,50.04695,8.551821
145466,29872,50.042007,8.536681
426297,29872,50.042118,8.536025
92592,29872,50.04179,8.535466
552594,593472,50.040756,8.533169
55973,593472,50.040554,8.531947
390428,593472,50.04058,8.532491
216939,88085,50.0526,8.579216
299392,88085,50.053303,8.578686
33581,88085,50.05322,8.579061
105024,88085,50.05268,8.57749
331127,88085,50.05266,8.577402
387854,475797,50.022976,8.55772
471283,475797,50.023853,8.555842
536760,475797,50.02295,8.557235
591901,475797,50.02179,8.558708
303970,475797,50.023254,8.557135
353926,533244,50.023537,8.558753
48323,533244,50.023647,8.558638
622323,533244,50.023746,8.558528
3865,658709,50.02581,8.58699
463156,658709,50.025505,8.587122
644586,658709,50.026527,8.588101
670945,658709,50.026115,8.586861
313174,293341,50.037373,8.59499
325637,45364,50.11088,8.664283
513639,391480,50.106915,8.692464
416573,270326,50.170235,8.676507
168685,270326,50.170223,8.676557
361760,29934,50.139126,8.659189
320613,280692,50.12864,8.646495
287747,550265,50.08713,8.649022
413690,469489,50.12222,8.710223
182605,250797,50.114376,8.672409
469770,147008,50.114063,8.67655
10037,341247,50.11578,8.692018
85978,341247,50.11574,8.695399
487422,316914,50.12333,8.691716
147461,399996,50.13933,8.698522
202160,399996,50.139477,8.69841
147457,135977,50.136303,8.701815
271401,560321,50.150288,8.686212
511746,529814,50.150772,8.750166
596206,529814,50.150684,8.750265
212620,446909,50.119957,8.772543
123815,224901,50.11476,8.548351
677537,1495,50.109722,8.551418
289702,644660,50.07986,8.510203
347508,432831,50.1255,8.565535
549196,603988,50.1394,8.612214
173682,298807,50.096336,8.486821
514976,555494,50.09476,8.624495
570989,546048,50.19492,8.647869
623728,331373,50.092308,8.578007
122312,81102,50.142918,8.668703
244559,464052,50.133156,8.761323
27163,464052,50.133167,8.760998
42651,5017,50.143227,8.648374
167932,638128,50.16058,8.6196
245775,403531,50.084743,8.672317
265578,110782,50.100292,8.637283
673412,453922,50.10419,8.644382
169567,453922,50.10403,8.64472
435465,56130,50.057076,8.596778
588806,56130,50.05665,8.594643
149324,56130,50.056576,8.594495
362626,56130,50.05667,8.59537
468416,56130,50.056812,8.596786
226558,183348,50.054924,8.595898
413628,183348,50.055042,8.595925
253552,501726,50.058002,8.596545
371335,501726,50.05794,8.596338
564617,501726,50.05805,8.596877
106993,608259,50.12419,8.596577
430759,143260,50.14087,8.624387
217283,53089,50.08914,8.575841
85773,113370,50.14136,8.734756
409824,418421,50.099773,8.694815
44843,507607,50.1914,8.657614
236409,350840,50.09845,8.714726
168585,410038,50.173847,8.634463
669107,410038,50.173912,8.634624
568063,520214,50.083675,8.64473
509288,84874,50.105366,8.723897
39118,149208,50.105404,8.544389
671446,149208,50.105396,8.544427
208334,567600,50.19471,8.65584
313381,55222,50.142998,8.64314
502441,17275,50.140446,8.646226
92308,82041,50.143757,8.642201
460876,205374,50.141457,8.647604
445732,612134,50.12684,8.685582
674073,373844,50.2005,8.674426
231787,74105,50.192265,8.66517
19689,458559,50.089493,8.709707
559948,562446,50.096134,8.716166
546050,181821,50.084164,8.620861
343732,444427,50.15121,8.622725
581343,428605,50.12912,8.595263
237697,433763,50.155388,8.69845
155050,677592,50.098305,8.733106
272456,667382,50.094303,8.606413
165998,667382,50.094334,8.606394
412873,34765,50.09524,8.607204
552878,227213,50.132935,8.628407
223518,427507,50.09468,8.686239
492514,123672,50.09117,8.684669
560246,641981,50.131474,8.661565
151841,3414,50.12165,8.67559
101657,57830,50.135185,8.599157
120674,116430,50.15625,8.694583
447601,243839,50.079117,8.647376
395093,145015,50.09975,8.654216
171314,587021,50.133663,8.74119
374324,292756,50.138725,8.737078
3132,19181,50.106613,8.609445
236954,496508,50.140553,8.609785
136452,292108,50.126884,8.697007
449555,171555,50.128834,8.699932
401647,362253,50.0815,8.645682
369754,670219,50.107533,8.655737
152680,420186,50.09215,8.653066
466531,494703,50.086266,8.636578
251648,24225,50.15646,8.644108
166462,228313,50.12021,8.705341
543771,254866,50.11744,8.708434
190655,589651,50.153114,8.633372
609043,465965,50.15157,8.6571
332081,560299,50.109314,8.724252
385629,620411,50.10314,8.657278
672242,643181,50.167137,8.677228
592168,453603,50.084682,8.632929
567110,651869,50.123592,8.57811
115235,127034,50.0841,8.698602
188488,127034,50.084564,8.698638
43635,127034,50.084373,8.698602
578234,130975,50.156185,8.758197
672438,64381,50.09601,8.642109
540814,137553,50.11422,8.534444
588853,137553,50.11423,8.534768
275589,137553,50.114277,8.534459
232007,671794,50.180202,8.619557
358482,258865,50.176224,8.617251
649591,106306,50.096184,8.718667
63157,307862,50.183163,8.673452
582888,300097,50.081028,8.594732
646312,509684,50.127567,8.702848
563971,34975,50.08864,8.700014
147865,450987,50.10569,8.664029
283198,450987,50.107796,8.664988
315397,450987,50.10748,8.664529
472814,450987,50.106815,8.662661
66263,450987,50.10668,8.662828
625711,450987,50.107517,8.664592
303303,77358,50.10572,8.664053
653368,77358,50.105064,8.662115
681215,10619,50.10711,8.662561
115713,263018,50.10519,8.663344
263272,263018,50.105095,8.662114
53491,263018,50.10435,8.662005
70119,84518,50.108696,8.663655
17925,491052,50.106934,8.666225
122794,195287,50.13629,8.684317
503103,446256,50.113964,8.679291
598016,446256,50.113926,8.678947
398831,681967,50.10487,8.643483
354399,346200,50.18332,8.667528
26352,260371,50.13829,8.624617
98388,162957,50.131565,8.619662
444528,256944,50.161957,8.649105
425911,445543,50.159615,8.646869
466284,225885,50.163704,8.634901
188433,448759,50.144356,8.607488
323405,383506,50.155342,8.641205
87894,573922,50.101746,8.654031
270734,337278,50.15535,8.718213
486516,337278,50.155132,8.717692
464766,645744,50.155174,8.753052
374743,91959,50.20182,8.676925
341132,558650,50.154507,8.759131
432379,558650,50.15481,8.759407
475218,298111,50.103218,8.602582
558423,371897,50.165302,8.625903
285752,214807,50.189705,8.652613
14854,392182,50.1684,8.685044
177001,96716,50.103725,8.696901
460132,7507,50.10408,8.695403
639390,290320,50.084484,8.62811
487327,467061,50.106018,8.639672
487917,454291,50.105347,8.645691
89691,517858,50.098,8.693611
281810,422575,50.086388,8.59206
274470,143845,50.140224,8.748495
470692,143845,50.14037,8.748441
603045,143845,50.140766,8.749663
103434,143845,50.14045,8.748973
71959,421188,50.1198,8.690088
580310,229264,50.10617,8.580387
512555,324378,50.1551,8.663232
203392,338235,50.146526,8.611471
203255,101516,50.097034,8.489748
519020,109412,50.200123,8.707861
603960,109412,50.200283,8.708053
81547,109412,50.199986,8.707774
92766,357265,50.15896,8.761387
63942,649902,50.11083,8.657656
9821,481758,50.099293,8.680073
248588,362200,50.127136,8.676909
448452,113872,50.126717,8.673835
664426,534464,50.186558,8.661723
386333,207190,50.14411,8.693331
394913,1064,50.188477,8.630679
561584,353548,50.110638,8.69272
471729,304144,50.109142,8.547432
641042,555479,50.101833,8.546474
349268,161302,50.13935,8.720625
272632,124431,50.053272,8.584409
429277,124431,50.052963,8.584373
273629,124431,50.053116,8.58441
259493,376137,50.127586,8.75339
267720,376137,50.12821,8.755834
465579,376137,50.127655,8.753067
570616,152230,50.125877,8.754196
251510,558941,50.08794,8.661816
132314,171879,50.127827,8.681883
465518,101546,50.101612,8.540957
74316,101546,50.102215,8.542375
42766,101546,50.10165,8.54218
407235,101546,50.102634,8.54237
262884,241300,50.10473,8.542043
87032,241300,50.104763,8.542215
345784,78974,50.100258,8.545468
677785,62196,50.147034,8.655272
372500,365900,50.12304,8.701492
387296,476803,50.153152,8.657229
658776,539866,50.148064,8.666205
153719,74886,50.08471,8.551134
331362,362217,50.207687,8.703767
500521,352588,50.162525,8.661332
52685,658160,50.090145,8.640769
174306,38749,50.183815,8.684018
100614,198657,50.16754,8.694497
392216,175923,50.16607,8.655709
237951,274033,50.15824,8.659655
361056,400741,50.122482,8.599207
521009,196041,50.09645,8.592869
341920,410923,50.129,8.629388
34905,480617,50.090305,8.552619
315121,368585,50.09795,8.528327
221595,368585,50.09827,8.529177
260241,368585,50.09778,8.527574
548632,70039,50.09735,8.538047
627663,507599,50.081158,8.544587
374058,5375,50.086117,8.514247
556479,5375,50.08621,8.51468
94092,5375,50.08649,8.51424
578038,14139,50.111534,8.731789
328867,40624,50.097343,8.520087
319587,555376,50.126385,8.764727
287353,14845,50.18238,8.625489
310170,14845,50.18231,8.625393
658506,14845,50.182373,8.625318
459445,656569,50.097565,8.647073
2769,672815,50.12791,8.726663
401702,536331,50.195576,8.641731
557522,47578,50.083637,8.638498
217286,396904,50.167805,8.681296
106915,613763,50.12555,8.647007
252003,274070,50.09101,8.605492
398276,539050,50.100163,8.590545
155510,648926,50.140705,8.677853
198777,565652,50.165592,8.680793
533254,493384,50.112816,8.733934
182621,430455,50.183067,8.658079
265078,598133,50.19314,8.646678
143889,293997,50.156612,8.761147
393380,147297,50.14968,8.678842
364948,427975,50.086838,8.671535
310674,4990,50.110123,8.678184
289674,473638,50.11583,8.630214
349418,473638,50.115948,8.629936
402059,473638,50.115433,8.628902
190041,473638,50.11528,8.62931
403433,473638,50.11606,8.63026
543904,639007,50.08927,8.643487
554533,194168,50.086758,8.569951
14732,291301,50.116287,8.658247
377487,676609,50.07649,8.61803
543156,45517,50.095005,8.492872
55353,562594,50.153885,8.746888
174244,463615,50.12508,8.637669
52598,249037,50.126297,8.605244
133488,105337,50.097115,8.629942
191810,103327,50.10703,8.543573
556841,103327,50.107277,8.542287
586073,103327,50.107292,8.544452
247256,623659,50.095222,8.4954
45183,657251,50.190254,8.666612
407750,565566,50.10668,8.548972
146704,497936,50.11436,8.687715
17590,497936,50.11537,8.687939
240150,497936,50.114594,8.686417
257618,497936,50.1147,8.685801
393148,497936,50.114624,8.687098
110784,497936,50.11502,8.687952
82633,497936,50.114475,8.687876
416537,44353,50.150837,8.620391
528339,446782,50.057266,8.587939
625681,446782,50.057083,8.588621
398796,620137,50.152493,8.691053
256082,582326,50.101315,8.639889
70045,581729,50.120808,8.670589
627451,394373,50.13877,8.745555
543003,517136,50.116882,8.640583
278149,596746,50.12105,8.640231
522997,162401,50.144783,8.654253
487367,664031,50.203876,8.703244
2733,460429,50.17829,8.637716
8565,27838,50.11134,8.537758
614892,631306,50.131832,8.742487
679573,503091,50.132683,8.753308
244165,297666,50.13234,8.748722
226143,20510,50.122585,8.645701
601370,340672,50.09721,8.505637
439626,556518,50.11347,8.627886
610061,642946,50.143764,8.732168
220628,10694,50.083103,8.681075
34477,471130,50.083298,8.678964
680953,202914,50.12495,8.67305
230318,525540,50.09986,8.703425
212889,528958,50.143036,8.756804
330262,528958,50.142796,8.757271
635286,1898,50.143417,8.762248
494925,653759,50.09819,8.545334
322292,388305,50.15259,8.661501
504562,38664,50.106457,8.60092
192991,379724,50.19077,8.700525
78882,211457,50.100212,8.596611
619432,28171,50.153996,8.727312
237055,431235,50.102074,8.690859
36599,431235,50.102364,8.69076
54129,431235,50.101734,8.690697
677284,431235,50.10196,8.692132
420983,431235,50.102173,8.693025
522452,338809,50.102642,8.689848
358525,52186,50.12542,8.609447
60552,11295,50.083687,8.670201
491035,11295,50.083958,8.670369
113829,353164,50.174618,8.623829
560621,256537,50.114193,8.649887
497362,621627,50.11042,8.535027
639682,284030,50.17733,8.631115
342481,143623,50.10269,8.556711
32140,77758,50.0999,8.541698
288318,491175,50.048073,8.555887
38876,491175,50.04814,8.556812
310881,491175,50.04813,8.556613
325977,500120,50.170914,8.635738
378155,500120,50.171204,8.63581
278564,73766,50.099155,8.572873
32213,163480,50.08294,8.62954
513577,441870,50.07938,8.634213
507913,54421,50.098396,8.586772
170157,535323,50.12797,8.717684
673709,36057,50.108463,8.628442
169003,563266,50.097,8.654666
425055,315868,50.100014,8.549524
3335,482497,50.13318,8.767854
40685,482497,50.133102,8.76638
566341,482497,50.134483,8.768096
36732,482497,50.1346,8.767437
361312,482497,50.13262,8.766496
428779,539728,50.1423,8.684627
642950,175898,50.15875,8.758855
240958,504041,50.15559,8.749663
461391,504041,50.15585,8.749483
463575,504041,50.15463,8.748702
64420,504041,50.154987,8.749667
653837,306970,50.136585,8.645821
544103,489573,50.08515,8.588856
193672,294054,50.096813,8.721906
670877,538853,50.08756,8.58013
175900,174802,50.124126,8.762194
307599,305155,50.129265,8.66986
105779,231423,50.174717,8.633196
353900,231423,50.175392,8.632379
514515,242957,50.207172,8.705618
5286,242957,50.207317,8.705564
98741,562897,50.134106,8.763874
489642,7149,50.097607,8.727617
666274,128876,50.081924,8.640258
310423,395560,50.12003,8.69526
547940,454872,50.111736,8.643518
299651,431177,50.107903,8.621443
374544,374488,50.20059,8.671414
337565,626187,50.155502,8.75487
57874,222243,50.131664,8.672138
657831,416385,50.131527,8.668474
604828,146411,50.152557,8.630466
395015,213526,50.123524,8.664921
645084,673882,50.12222,8.766855
102442,532350,50.07402,8.517694
89912,453220,50.172768,8.672613
565621,5937,50.121708,8.686482
666485,41623,50.094254,8.504075
116931,376307,50.10048,8.617574
584720,250204,50.1019,8.699708
665719,250204,50.101913,8.700606
361262,489116,50.107983,8.719828
536430,271469,50.118652,8.773626
18585,258874,50.132725,8.695208
506040,301403,50.116695,8.644262
247693,431107,50.059727,8.695243
435903,431107,50.059998,8.695072
49630,431107,50.059895,8.695096
566003,52022,50.09713,8.493116
556475,244311,50.139233,8.684703
506869,108178,50.111034,8.598617
49135,261361,50.107346,8.584515
345131,586842,50.129025,8.693147
106285,592900,50.10457,8.575034
527696,27006,50.10252,8.570734
256506,589078,50.10334,8.571229
179350,667914,50.102135,8.568458
41004,98311,50.100258,8.564309
495950,437199,50.09828,8.567179
569200,219264,50.11681,8.667275
438492,588672,50.199257,8.670415
253960,145704,50.152756,8.679256
165163,14525,50.205704,8.707099
615900,14525,50.20594,8.707002
669726,14525,50.20539,8.707397
176466,544874,50.080784,8.637095
631086,544874,50.080997,8.637013
81894,161895,50.088524,8.651485
595075,103609,50.169193,8.62278
183969,450017,50.158775,8.652837
64488,512051,50.092518,8.683542
495504,593088,50.17733,8.667388
525983,482174,50.1589,8.754992
110066,112613,50.15761,8.748225
270744,112613,50.157375,8.748423
424160,112613,50.157154,8.748594
288821,35174,50.157063,8.745441
419293,35174,50.15731,8.745683
224725,206255,50.158134,8.633295
34916,206255,50.158764,8.634281
612494,206255,50.15836,8.63405
239565,136355,50.154232,8.622687
62998,567872,50.07868,8.654155
508077,57966,50.161884,8.640135
446007,29818,50.08647,8.641998
147924,22056,50.09518,8.681023
464049,61240,50.098835,8.63366
192514,547148,50.11273,8.707763
121843,547148,50.112576,8.70864
649045,375331,50.11367,8.707632
194139,84362,50.11139,8.708582
253893,84362,50.110947,8.708556
325873,84362,50.110718,8.708879
336140,84362,50.11144,8.70892
85104,84362,50.11139,8.70922
606770,638697,50.11172,8.704987
253522,119753,50.11308,8.698072
492442,119753,50.113373,8.696413
672948,119753,50.1136,8.695494
604768,119753,50.11256,8.696987
305669,119753,50.1131,8.698
530939,119753,50.11357,8.69534
401288,603794,50.105183,8.711192
182113,432555,50.111996,8.713389
249884,432555,50.11214,8.713802
301460,432555,50.112114,8.71396
315903,82561,50.101864,8.675681
638088,553559,50.119656,8.657286
509818,388000,50.140785,8.660968
23116,501506,50.16202,8.723698
558033,501506,50.16188,8.723674
678606,295623,50.12188,8.615097
278653,553331,50.119617,8.712462
119052,323976,50.1842,8.624118
443006,323976,50.184265,8.624159
572856,323976,50.184124,8.624051
478102,440378,50.105797,8.634935
149104,607247,50.104588,8.537823
401127,282881,50.117912,8.68371
682585,30968,50.09697,8.497701
219590,561511,50.143616,8.655129
188842,666835,50.100704,8.502834
320674,543865,50.084034,8.515358
63117,54479,50.143925,8.624363
272602,110734,50.121803,8.769516
331608,110734,50.12216,8.76933
505891,608250,50.104393,8.662577
119114,613278,50.1147,8.635776
200895,520617,50.097702,8.606331
611723,223271,50.13641,8.664706
21067,551361,50.110786,8.653379
385916,68854,50.109123,8.661387
58818,175505,50.133774,8.668277
383954,190555,50.11878,8.623707
167977,648573,50.14812,8.623001
343467,613701,50.16166,8.620502
60063,101321,50.157547,8.622073
537196,405171,50.158524,8.687669
546925,178076,50.12845,8.707024
166045,178076,50.128727,8.706309
461734,178076,50.128304,8.706955
342881,359642,50.09703,8.510293
345160,127964,50.125084,8.610722
21604,523706,50.149303,8.760164
496443,523706,50.150517,8.759624
272800,272622,50.182926,8.692565
185484,60195,50.189266,8.638949
107615,220415,50.202957,8.709077
468444,220415,50.20331,8.70905
543513,220415,50.20317,8.708963
355243,409362,50.08418,8.570882
83240,601608,50.153805,8.668152
273051,533721,50.113792,8.619411
321549,497610,50.101578,8.628719
275708,87932,50.128387,8.615422
128792,318677,50.149395,8.67308
295693,464267,50.082493,8.581111
180785,210529,50.081913,8.624987
558460,251745,50.130737,8.688214
373232,305561,50.152004,8.762778
494984,305561,50.151726,8.76257
635781,53633,50.178917,8.635541
166669,326455,50.117046,8.728265
250100,326455,50.116966,8.727955
516912,326455,50.11716,8.728094
327506,396419,50.17138,8.642989
595437,187620,50.119946,8.754547
483294,617257,50.12681,8.692071
400426,664772,50.15077,8.688615
668757,392651,50.165993,8.669832
570235,672836,50.13814,8.776289
319516,672836,50.13817,8.776234
129684,672836,50.137917,8.775619
653887,397864,50.069443,8.519737
467230,587461,50.09838,8.655802
77977,640582,50.127995,8.69514
183108,418271,50.10119,8.659961
22163,102827,50.162724,8.629002
493476,49439,50.112526,8.676029
525086,119195,50.104965,8.718196
656027,648042,50.086098,8.598881
324219,127284,50.123867,8.60648
52221,127284,50.12516,8.606945
70285,127284,50.124252,8.606543
245702,127284,50.124615,8.607026
178801,127284,50.124126,8.60714
53974,149223,50.110897,8.682023
545913,65900,50.107685,8.618467
655382,501894,50.15344,8.638393
437362,666016,50.10882,8.633151
595335,682988,50.124626,8.713313
534522,682988,50.124805,8.712976
483737,682988,50.124935,8.7118
272492,170295,50.086838,8.691919
40380,170295,50.086605,8.69156
409240,170295,50.08683,8.691344
503641,170295,50.08674,8.691505
470506,159127,50.166107,8.645128
333020,483347,50.082417,8.63352
135208,225940,50.097977,8.730732
224294,81457,50.11968,8.68739
217023,187205,50.116955,8.734932
16771,618141,50.12159,8.772004
329422,618141,50.12094,8.771267
661332,618141,50.12144,8.773529
200847,439740,50.132008,8.744696
523389,290710,50.104534,8.622406
353097,39850,50.10723,8.714674
324581,139547,50.103756,8.618121
320256,657920,50.093548,8.705825
213310,141380,50.105312,8.629641
566487,462538,50.11867,8.65953
232853,198960,50.15223,8.753837
46759,599830,50.188522,8.642497
130672,31549,50.202038,8.712486
563255,492437,50.10231,8.636275
519993,401255,50.188534,8.631897
423818,37741,50.088066,8.638032
675280,406233,50.07389,8.577386
122290,133572,50.100998,8.681376
635753,54341,50.082455,8.604151
404061,617155,50.086845,8.646634
208605,32118,50.11412,8.719803
575638,32118,50.11383,8.718958
578093,32118,50.11398,8.719444
495183,69438,50.09309,8.696255
278424,601456,50.101868,8.680881
347722,554437,50.096634,8.684018
344715,368697,50.103336,8.679557
39091,255745,50.131157,8.734099
270897,597177,50.091236,8.614629
113178,170323,50.14798,8.615181
510653,618919,50.141632,8.652275
162692,453048,50.109997,8.687998
506995,453048,50.109997,8.688083
82745,453048,50.109833,8.687652
357392,190781,50.124157,8.635285
107853,399507,50.16986,8.641097
672192,79604,50.134514,8.711883
504136,477216,50.09575,8.702444
262680,568106,50.116913,8.689754
560724,568106,50.117146,8.689364
10130,665534,50.117043,8.652718
563376,419818,50.188435,8.658433
625633,206441,50.16774,8.67833
149749,85744,50.10097,8.497827
287445,241573,50.11812,8.758262
100164,557399,50.12167,8.659956
258324,589240,50.154926,8.686209
515341,399682,50.101337,8.52951
83035,243143,50.099464,8.52493
463144,584361,50.088047,8.511586
404942,584361,50.087498,8.512259
58801,235753,50.087025,8.615878
290145,428377,50.128407,8.742407
353573,438863,50.127743,8.641104
251274,614474,50.114395,8.553318
643649,229425,50.12229,8.566445
120257,230701,50.119633,8.566539
416092,159386,50.105564,8.650858
483187,322753,50.184994,8.688827
17437,400715,50.182392,8.696573
580415,500932,50.109104,8.60491
657652,53519,50.186817,8.650127
535723,678718,50.06823,8.633247
101949,150966,50.068905,8.651683
289817,651502,50.075413,8.653242
360115,39232,50.07309,8.652994
629957,666851,50.141136,8.596883
85907,415555,50.097076,8.501516
286588,443570,50.115337,8.76868
388896,443570,50.11532,8.768608
5849,443570,50.11537,8.768608
628372,387868,50.09131,8.60064
611487,602067,50.110123,8.726987
441308,238612,50.13986,8.655183
657220,629716,50.133007,8.757685
602575,239739,50.1356,8.615728
84078,122594,50.1085,8.642785
405330,441174,50.121326,8.620655
655012,120791,50.09865,8.671999
458011,517783,50.094696,8.672515
272880,517783,50.094368,8.671268
117757,517783,50.09465,8.671362
580044,517783,50.09452,8.671158
504629,71697,50.099327,8.668808
56050,243557,50.089443,8.671503
350089,243557,50.089203,8.671591
114637,243557,50.089184,8.67007
220280,73527,50.10022,8.685739
482198,73527,50.09933,8.686446
198569,73527,50.099857,8.685935
168672,73527,50.099365,8.686457
473950,216119,50.09876,8.687392
604368,216119,50.09854,8.687136
269925,216119,50.09905,8.68816
222933,400940,50.098114,8.683699
233643,400940,50.097897,8.683969
400517,400940,50.097984,8.683786
147179,124327,50.09087,8.696423
333676,363647,50.09181,8.691272
488379,363647,50.09171,8.691233
6091,363647,50.091625,8.691209
475880,400729,50.086143,8.604707
35057,661349,50.113483,8.668766
120064,661349,50.113564,8.668864
159633,661349,50.11265,8.66786
667230,661349,50.11246,8.66903
144441,345146,50.200123,8.69541
554279,160541,50.18908,8.699429
273837,165909,50.055176,8.591137
92567,165909,50.055305,8.591137
173547,189928,50.14775,8.690132
21181,362046,50.143505,8.603564
368045,316742,50.14598,8.65777
599301,241261,50.163315,8.615366
98355,316948,50.10141,8.560246
149163,528730,50.145477,8.754783
257658,528730,50.14538,8.754683
94787,528730,50.145283,8.754666
627042,306589,50.086277,8.649154
154885,532611,50.087082,8.650531
267443,565036,50.086357,8.609205
428933,226292,50.092003,8.685879
87619,152930,50.144863,8.706169
184592,443250,50.145836,8.706177
381615,443250,50.145786,8.706274
289922,467118,50.177425,8.630835
436523,467118,50.17746,8.631152
470817,467118,50.175495,8.628344
392791,120403,50.124084,8.66826
235842,574590,50.096226,8.660038
220725,597601,50.130795,8.645151
51312,653559,50.107964,8.527994
633863,1973,50.110714,8.531991
580199,647223,50.11129,8.527456
55939,505923,50.058636,8.585396
228737,261958,50.119194,8.684415
308883,64285,50.201828,8.669907
564838,327533,50.131207,8.705539
336806,352990,50.121452,8.627503
461567,411767,50.11531,8.647446
591075,164051,50.143906,8.746717
303538,102796,50.15161,8.742689
660566,312945,50.07692,8.65013
442946,111539,50.097633,8.665241
384400,169386,50.145798,8.749496
349191,13653,50.077,8.610328
58924,372803,50.082413,8.610564
337866,13392,50.076843,8.603219
100783,473343,50.093735,8.732111
570311,379077,50.077423,8.646801
103870,198167,50.118248,8.701662
276713,215154,50.100266,8.604451
133214,445833,50.08748,8.667031
633718,519389,50.11348,8.542827
666048,616409,50.146725,8.703192
381428,294622,50.108246,8.534978
531104,189959,50.134968,8.696257
133777,17155,50.10543,8.694794
182259,164810,50.13145,8.709817
420276,631763,50.1544,8.691362
241999,396239,50.120975,8.740881
601836,503918,50.117813,8.733278
444730,106959,50.15719,8.656792
648655,106959,50.156784,8.656531
424594,64836,50.166927,8.617899
182720,300676,50.100346,8.692269
487906,300676,50.100628,8.691484
490371,300676,50.100254,8.691335
608753,300676,50.100468,8.691515
571385,377504,50.095383,8.696045
56908,666599,50.10796,8.670286
626361,396121,50.109917,8.668833
262120,323540,50.11945,8.63946
185557,323540,50.1193,8.639395
164592,542400,50.080284,8.517156
513344,388029,50.118134,8.66296
350765,537136,50.123737,8.580681
61190,257215,50.12296,8.569222
68257,202005,50.142548,8.69667
513683,637519,50.100967,8.622578
198478,26733,50.10038,8.736729
35574,599484,50.166977,8.629613
639547,219937,50.15634,8.697661
210025,165572,50.123592,8.588346
393888,669361,50.131725,8.576265
8018,669361,50.13178,8.57644
172293,669361,50.132072,8.576297
375289,669361,50.132267,8.576189
311760,520238,50.199963,8.665004
578200,126456,50.10924,8.674904
230238,241497,50.11061,8.549089
578458,663741,50.12772,8.601414
291853,546694,50.191235,8.650585
281207,676792,50.09992,8.658978
310954,607637,50.15905,8.656543
560707,464469,50.090508,8.50681
296132,464469,50.090122,8.506011
12991,464469,50.09038,8.50717
561701,566172,50.093975,8.496056
600999,196021,50.164314,8.643224
65636,228484,50.143906,8.726362
486371,94274,50.15201,8.669228
179054,615326,50.11292,8.701107
209255,615326,50.11309,8.700956
54100,615326,50.112854,8.700714
342567,44528,50.115517,8.698644
650047,610103,50.1035,8.55184
447386,465023,50.10316,8.552514
89523,225387,50.105267,8.697954
476195,654665,50.105705,8.700299
399754,6636,50.112812,8.619042
671334,74495,50.188953,8.664577
145668,114013,52.47171,13.318836
150269,114013,52.47136,13.318912
470256,114013,52.471645,13.318999
551705,114013,52.471245,13.31906
194377,522350,51.48106,6.807658
233024,522350,51.48109,6.808134
27272,506550,50.012432,8.347529
449960,506550,50.01246,8.34764
354669,506550,50.012398,8.347451
325396,282174,50.06083,8.370475
54157,282174,50.060772,8.370392
15343,441282,50.19014,8.123747
174150,368707,50.21766,8.262668
437889,368707,50.217754,8.262192
54309,368707,50.217712,8.262446
658429,118589,50.30645,8.164344
157787,123938,50.38063,8.071248
187545,123938,50.38061,8.071093
514545,434358,50.376987,8.074608
164644,434358,50.37698,8.07457
338065,434358,50.377094,8.074561
646801,591526,51.136456,7.906765
75930,591526,51.135906,7.906441
232963,652100,50.255337,8.361061
195342,83900,50.06358,8.26611
335681,83900,50.064484,8.265551
359284,368943,50.08901,8.218731
442926,368943,50.088955,8.218631
377347,473342,50.094448,8.250252
488185,473342,50.094414,8.250084
228350,402217,50.067,8.267566
348111,402217,50.06653,8.269361
226528,402217,50.06705,8.26742
356758,402217,50.066547,8.269154
469220,143006,50.104206,8.202265
555827,143006,50.104637,8.202184
439016,143006,50.104443,8.202332
283349,572547,50.07622,8.238465
661490,572547,50.075413,8.237095
228239,572547,50.07624,8.238539
631712,572547,50.075718,8.23703
14554,494661,50.086708,8.235309
247613,494661,50.086758,8.235404
677330,494661,50.086704,8.235386
653573,350151,50.086956,8.218174
144464,350151,50.086742,8.218974
46700,350151,50.087063,8.217905
108039,495743,50.082287,8.256393
655623,495743,50.08208,8.254985
105314,184984,50.090717,8.257199
411308,184984,50.090824,8.25717
424546,323793,50.070827,8.25928
173574,323793,50.07245,8.256
262361,323793,50.072266,8.256674
316498,323793,50.07101,8.258747
432354,323793,50.070953,8.258653
80506,323793,50.070778,8.259551
140819,323793,50.071243,8.258841
323834,323793,50.07139,8.258248
258499,129342,50.06934,8.255923
481271,129342,50.068,8.255985
58398,129342,50.06762,8.257053
383252,129342,50.067593,8.257009
517841,129342,50.068024,8.255913
344340,129342,50.06811,8.256556
184269,129342,50.067627,8.257
186200,419128,50.080215,8.229517
327127,419128,50.081017,8.22956
177621,419128,50.081017,8.229368
548871,419128,50.08023,8.229457
236970,419128,50.08054,8.229581
10912,419128,50.080414,8.229601
296209,608378,50.0806,8.23074
237402,666178,50.08092,8.250518
239749,666178,50.08081,8.250017
405338,133700,50.09356,8.218724
52308,133700,50.09388,8.218229
173300,151308,50.06343,8.259841
49426,151308,50.063335,8.259201
538099,151308,50.063377,8.259578
33805,485522,50.07629,8.208834
507375,485522,50.07671,8.209511
77276,485522,50.07632,8.209141
362499,485522,50.0761,8.206713
289057,351971,50.09199,8.240047
448798,351971,50.092545,8.239688
557398,368432,50.080547,8.242938
604935,368432,50.080498,8.242156
200741,368432,50.07969,8.242169
68887,189131,50.078396,8.230911
130388,640870,50.07787,8.225628
354866,640870,50.078045,8.227637
358593,416253,50.085606,8.226328
564904,416253,50.08577,8.226647
102228,416253,50.085632,8.22616
91942,416253,50.085613,8.225727
618586,416253,50.085785,8.224704
123518,464937,50.08474,8.226151
606333,464937,50.084698,8.226044
95659,464937,50.084797,8.226258
274045,244313,50.09766,8.249251
371706,244313,50.097744,8.249613
160914,295343,50.125618,8.167114
545001,295343,50.122963,8.168084
109618,295343,50.12436,8.16732
18220,448944,50.079807,8.222481
564427,448944,50.079964,8.222381
176914,448944,50.0798,8.222352
612893,448944,50.080097,8.222379
574800,83098,50.071487,8.223161
216904,391939,50.090767,8.211563
446899,391939,50.090652,8.211976
11428,565155,50.0829,8.259639
628457,565155,50.08304,8.259833
347612,634047,50.069515,8.24001
551767,634047,50.06901,8.240256
228394,133961,50.058296,8.255605
595494,133961,50.058353,8.254961
483423,133961,50.058334,8.254794
244753,133961,50.057938,8.256029
384779,133961,50.05799,8.255777
14478,133961,50.05842,8.254907
324894,133961,50.05858,8.254655
644676,133961,50.057926,8.255886
288661,588764,50.096172,8.240064
338578,588764,50.0963,8.240272
180416,161484,50.067814,8.263629
642314,161484,50.06833,8.263858
316456,161484,50.068325,8.263935
470708,161484,50.067875,8.263432
616457,72336,50.080856,8.244903
123034,82903,50.06944,8.246409
310417,82903,50.069233,8.24651
366771,82903,50.06927,8.246427
572529,82903,50.069286,8.246534
238596,279192,50.074665,8.242765
74822,279192,50.07412,8.242829
190154,418985,50.08045,8.225321
200375,418985,50.080326,8.224485
607403,418985,50.080387,8.225208
644063,418985,50.08022,8.224553
616827,376077,50.067642,8.235808
124884,392339,50.08747,8.257068
520856,392339,50.088066,8.257254
168468,457618,50.06255,8.237746
34850,397212,50.077038,8.257941
649181,397212,50.076694,8.257835
254622,13883,50.059757,8.259465
583661,13883,50.060028,8.259335
504071,13883,50.060356,8.259147
178927,280647,50.071503,8.243206
660551,280647,50.07208,8.243183
107188,280647,50.071754,8.24309
134199,280647,50.071663,8.242491
154201,280647,50.071537,8.243761
122127,280647,50.070534,8.245914
145262,280647,50.07047,8.245977
227558,280647,50.07139,8.242842
284312,280647,50.070377,8.245932
30748,280647,50.07201,8.243291
336533,280647,50.071167,8.245492
33862,280647,50.071796,8.24277
526349,280647,50.071423,8.243264
110019,280647,50.06948,8.244634
651485,280647,50.07079,8.243731
333236,280647,50.070866,8.246166
238560,280647,50.07146,8.243103
413382,280647,50.07174,8.242824
46698,359080,50.08433,8.259645
527616,359080,50.0851,8.260276
290726,116546,50.081596,8.218024
264701,116546,50.081554,8.218541
39674,116546,50.080826,8.218665
334669,116546,50.080673,8.218695
164526,116546,50.080627,8.218848
211289,116546,50.08166,8.218471
534491,116546,50.081524,8.217941
170342,405878,50.087883,8.214997
253432,405878,50.0881,8.214608
348800,405878,50.089054,8.213692
534957,28267,50.064114,8.234844
663974,28267,50.06482,8.234065
1084,13391,50.078625,8.248584
536500,13391,50.078712,8.248415
555986,554021,50.094917,8.246555
620937,554021,50.09462,8.24635
572769,591803,50.098232,8.24347
573846,591803,50.098255,8.242827
503121,313839,50.066013,8.273308
56390,313839,50.065804,8.274107
299187,313839,50.066196,8.272711
302970,313839,50.065823,8.273933
213217,625952,50.08797,8.241144
339799,548422,50.091404,8.254827
34753,548422,50.09147,8.254571
639762,561943,50.07495,8.223608
8079,561943,50.07479,8.223387
311937,181905,50.087566,8.222496
232748,387327,50.080322,8.239071
126197,387327,50.0803,8.238177
606810,162968,50.07703,8.216743
66710,162968,50.07703,8.216827
100436,33350,50.069557,8.22864
188575,33350,50.069958,8.228116
109314,320596,50.08679,8.242993
67132,320596,50.086445,8.243124
358576,26696,50.08972,8.221651
42314,26696,50.089844,8.221048
327663,12978,50.09065,8.236965
88740,12978,50.091022,8.236428
236568,578785,50.059013,8.261138
376871,578785,50.05893,8.260734
321321,445376,50.08587,8.245495
411615,445376,50.08592,8.245187
104603,288888,50.083717,8.244089
249145,288888,50.08347,8.244624
514033,288888,50.08409,8.244559
111173,550584,50.072037,8.21783
297244,583034,50.07767,8.237479
448785,583034,50.077763,8.237515
358337,612293,50.072186,8.237482
577306,612293,50.071754,8.239053
148907,612293,50.072403,8.23756
101829,612293,50.07247,8.237497
402961,612293,50.072273,8.237407
58196,577354,50.07464,8.253941
646445,577354,50.07404,8.254551
505019,464385,50.0853,8.252183
506688,464385,50.085346,8.252489
312226,175991,50.07749,8.221667
369781,175991,50.077763,8.220377
374073,175991,50.077183,8.220652
418420,175991,50.07732,8.219839
179514,665422,50.07906,8.23965
623072,665422,50.079082,8.240167
32279,284066,50.077583,8.239045
290277,19794,50.071053,8.248479
431248,19794,50.07128,8.24825
652858,19794,50.070885,8.248681
378426,441942,50.083603,8.236043
275326,441942,50.082607,8.23588
336049,441942,50.083477,8.236042
183392,441942,50.082542,8.235826
184434,441942,50.083378,8.236087
330003,463302,50.093384,8.23442
495304,463302,50.09325,8.23466
567130,54240,50.09514,8.226315
649283,54240,50.095028,8.226065
309277,352251,50.08948,8.244306
5908,352251,50.08993,8.244215
476460,109232,50.096493,8.220618
548814,109232,50.096703,8.221146
571995,109232,50.09703,8.220582
570697,109232,50.097076,8.220438
380387,109232,50.096554,8.221103
390389,109232,50.09703,8.220393
20673,78080,50.06474,8.241343
57206,78080,50.06439,8.241404
447965,78080,50.064625,8.24136
453153,78080,50.064426,8.241369
300915,193311,50.07096,8.227793
377892,193311,50.07118,8.227831
382762,193311,50.07107,8.226925
445813,193311,50.07151,8.226499
27912,193311,50.070847,8.227589
281223,193311,50.071056,8.227759
208526,235612,50.135002,8.217824
662278,235612,50.13458,8.218004
33082,235612,50.135124,8.218061
591379,529291,50.080906,8.2361
62281,529291,50.08082,8.235026
167610,529291,50.08124,8.236262
182270,529291,50.080814,8.233949
382387,529291,50.0811,8.235916
58780,529291,50.0808,8.23491
681722,529291,50.081112,8.235988
80826,529291,50.080933,8.236347
577202,580993,50.07347,8.221159
660485,580993,50.072937,8.220679
210046,584925,50.09066,8.249542
593011,584925,50.090614,8.249347
263560,408985,50.066734,8.273394
609346,408985,50.066795,8.273449
663842,408985,50.06667,8.273339
84425,408985,50.06687,8.273504
186868,187164,50.07717,8.24239
239608,187164,50.076912,8.242562
243302,187164,50.07694,8.242186
36081,516745,50.08421,8.22996
569260,304748,50.077694,8.230074
76639,304748,50.076733,8.229964
378660,304748,50.077805,8.230356
50865,304748,50.076668,8.229924
563448,304748,50.07727,8.230011
111553,304748,50.076668,8.229888
422957,304748,50.07773,8.230158
379538,639429,50.088276,8.230338
256777,639429,50.088238,8.23014
676894,639429,50.08831,8.230392
809,639429,50.088272,8.230212
353698,424140,50.091236,8.227663
146272,424140,50.091194,8.227769
589924,424140,50.090855,8.227858
236877,248754,50.08928,8.239097
340115,248754,50.089012,8.239493
12719,512079,50.09484,8.230666
275149,512079,50.094856,8.231211
14913,330736,50.072037,8.235556
493637,330736,50.071835,8.237222
340137,330736,50.07184,8.23615
363619,345210,50.07036,8.235667
135406,29019,50.073387,8.230282
409624,29019,50.074753,8.231378
454934,29019,50.074738,8.231452
52245,29019,50.073948,8.231892
363905,29019,50.07439,8.231536
377760,29019,50.07429,8.231452
607703,19129,50.06646,8.248537
5052,9881,50.078884,8.236076
141384,9881,50.079292,8.236563
194728,9881,50.078503,8.236401
208324,9881,50.07873,8.236401
281646,9881,50.07916,8.236563
571490,156459,50.08276,8.22935
68255,156459,50.0828,8.22886
160200,156459,50.082882,8.228855
505588,156459,50.082882,8.22935
354831,158308,50.06453,8.272771
581454,158308,50.064896,8.272584
38902,158308,50.064957,8.272657
612429,158308,50.06457,8.27255
241369,117294,50.07204,8.249833
405673,117294,50.072006,8.252585
435533,117294,50.072086,8.249777
53719,117294,50.071953,8.252275
556709,117294,50.07203,8.25102
166322,117294,50.071873,8.252239
234646,117294,50.072075,8.249687
356473,162906,50.060795,8.267982
54072,162906,50.060947,8.268091
613591,162906,50.060856,8.267687
20974,5113,50.088585,8.261215
647315,5113,50.089176,8.262295
372047,161254,50.090866,8.245221
41458,161254,50.091366,8.24492
671202,161254,50.090992,8.243961
106638,37968,50.098656,8.247223
305618,37968,50.09798,8.247373
486587,37968,50.0983,8.247997
630329,37968,50.098293,8.246837
32525,550866,50.09613,8.219073
376779,550866,50.09652,8.219598
410449,550866,50.096138,8.218947
204114,550866,50.096287,8.21928
200812,392606,50.067993,8.223706
649765,392606,50.06759,8.223363
213309,392606,50.067398,8.223286
639191,392606,50.067894,8.223537
118635,368445,50.084957,8.241303
475707,368445,50.08532,8.24134
343028,475930,50.06261,8.252507
680956,475930,50.062485,8.252761
561806,475930,50.06211,8.252795
644138,475930,50.06216,8.252957
136561,465337,50.065968,8.250542
398490,465337,50.06594,8.25043
232675,465337,50.06605,8.250307
654379,465337,50.065968,8.250595
214567,397193,50.086067,8.222297
44374,397193,50.08607,8.222181
137238,397193,50.08613,8.22219
59297,397193,50.08607,8.222127
403497,450313,50.066956,8.232397
536373,450313,50.066757,8.232525
102266,601945,50.069492,8.232747
552247,266441,50.079296,8.243921
506018,468374,50.07011,8.225474
278567,468374,50.069466,8.22575
403104,468374,50.069523,8.22607
536531,606323,50.067036,8.251421
683479,606323,50.06703,8.251555
390031,63274,50.093967,8.222936
612607,63274,50.09353,8.223376
391054,63274,50.093597,8.223241
487382,63274,50.094093,8.222729
447647,63274,50.0939,8.222897
102765,84239,50.083073,8.223966
388909,84239,50.08361,8.224935
140645,97142,50.123623,8.325254
612190,97142,50.123226,8.326546
13643,313903,50.125214,8.321581
307389,313903,50.12531,8.321328
472723,633949,50.122574,8.325786
506301,252202,50.116554,8.32608
176746,461120,50.120407,8.331997
478405,461120,50.12023,8.332726
609777,475825,50.125755,8.335097
590522,676559,50.122498,8.334499
648189,55577,50.11361,8.332093
368233,55577,50.115093,8.333021
649706,55577,50.115253,8.332935
413225,251043,50.037247,8.237398
216225,251043,50.037285,8.237504
645369,70594,50.047462,8.232149
660173,70594,50.047565,8.232789
152425,70594,50.047455,8.232745
539478,70594,50.047535,8.232044
652016,378851,50.060257,8.245729
166568,613357,50.0373,8.245669
510009,613357,50.03734,8.245529
368960,323999,50.052574,8.231537
631678,323999,50.05219,8.231892
528181,310624,50.03973,8.238735
586009,291578,50.048054,8.238436
59427,291578,50.04809,8.237263
70849,291578,50.048874,8.236096
271683,291578,50.04883,8.236423
384646,479037,50.04071,8.255704
442935,479037,50.040657,8.255248
148799,479037,50.040604,8.255697
474674,479037,50.0407,8.25536
618382,479037,50.04004,8.256173
319134,479037,50.041065,8.256826
621470,632499,50.0648,8.212333
123571,278541,50.05207,8.238373
483951,278541,50.052017,8.236977
324660,85161,50.04203,8.248234
611735,85161,50.04258,8.248225
660980,85161,50.042274,8.24735
411117,306896,50.061825,8.212549
662442,233970,50.042816,8.218866
430353,233970,50.042793,8.219046
453296,233970,50.04346,8.218363
543164,233970,50.042854,8.21896
614903,233970,50.042835,8.219351
538718,233970,50.042873,8.21822
197791,74100,50.041267,8.21645
30435,74100,50.041313,8.216908
102233,74100,50.041264,8.21678
417915,74100,50.041306,8.21651
415384,621410,50.062984,8.229792
68285,621410,50.063526,8.22882
146336,48011,50.040066,8.226878
426224,48011,50.03974,8.22666
506925,373543,50.054222,8.229304
544097,373543,50.054214,8.229165
418616,152914,50.05589,8.224418
576604,152914,50.055927,8.224878
427388,420754,50.04322,8.257052
573523,420754,50.043274,8.257093
188064,382593,50.04577,8.2206
93387,382593,50.046497,8.220196
202776,382593,50.04583,8.220489
30773,382593,50.046467,8.220339
145597,155967,50.05765,8.239388
428206,155967,50.057446,8.239726
141773,565332,50.03463,8.24215
662509,565332,50.034466,8.24242
173436,565332,50.03447,8.242713
515427,565332,50.0344,8.243091
108756,262923,50.058895,8.242789
24871,262923,50.05823,8.24294
129163,514873,50.048744,8.217088
454040,514873,50.048676,8.217636
639984,514873,50.048775,8.217025
80515,514873,50.048695,8.217573
511491,514873,50.048702,8.217217
615249,514873,50.048717,8.217804
155759,526639,50.04054,8.242855
61965,526639,50.041042,8.244187
186898,519818,50.04693,8.241023
31190,519818,50.04656,8.241043
305017,202512,50.05918,8.212606
322455,202512,50.059315,8.212227
478353,659612,50.04625,8.225564
65427,659612,50.046257,8.225425
461447,476946,50.065178,8.226056
531264,476946,50.06495,8.226437
371058,261064,50.062195,8.215767
85401,261064,50.062668,8.21777
176266,261064,50.062786,8.217771
231191,261064,50.0622,8.215881
248182,261064,50.061752,8.217815
35003,261064,50.063015,8.215588
157385,254028,50.03371,8.24551
480502,254028,50.03328,8.246507
411443,254028,50.0333,8.246681
44544,254028,50.03289,8.247787
474755,309260,50.0588,8.218352
85913,309260,50.05726,8.219396
149343,183710,50.04322,8.251705
365321,183710,50.043396,8.250879
43442,183710,50.04426,8.25229
275421,183710,50.04428,8.252328
526869,183710,50.04319,8.251709
672001,32210,50.060703,8.219801
404971,515868,50.054962,8.243591
465657,515868,50.054676,8.24347
558608,312928,50.038532,8.239969
380869,102323,50.04902,8.221956
466998,102323,50.0489,8.221768
156921,102323,50.048923,8.221933
464670,102323,50.04896,8.222058
462528,432305,50.042862,8.228453
497840,432305,50.042973,8.228521
108815,532730,50.046062,8.231012
34447,532730,50.045685,8.230767
217877,372315,50.04862,8.226214
277255,372315,50.0487,8.226807
444854,372315,50.04864,8.226964
560126,372315,50.04865,8.226419
364636,584085,50.04139,8.239519
209532,299376,50.0398,8.240912
256402,299376,50.03987,8.241078
633875,299376,50.04006,8.240712
234041,415803,50.039364,8.225604
123056,415803,50.03931,8.225634
101388,269770,50.03992,8.222648
439477,269770,50.04015,8.222073
234732,269770,50.039898,8.222857
604247,269770,50.04007,8.222146
266403,75520,50.03614,8.237452
176465,75520,50.03626,8.237213
27354,75520,50.036045,8.237789
112511,516522,50.043648,8.241158
128303,516522,50.04366,8.240544
78925,516522,50.044106,8.241151
199538,168844,50.05604,8.247512
175168,576873,50.041996,8.213728
545528,576873,50.041943,8.213512
482091,576873,50.04203,8.213305
559666,576873,50.042057,8.213123
226832,243520,50.037563,8.231667
436474,243520,50.037594,8.230958
252486,243520,50.037586,8.231162
561522,243520,50.03749,8.231749
344469,70446,50.05404,8.224853
99911,70446,50.054043,8.225104
130020,22569,50.0599,8.235232
29067,22569,50.06003,8.234965
678001,22569,50.05969,8.23571
681921,22569,50.060165,8.234739
306976,475505,50.061356,8.232639
615665,475505,50.06141,8.232513
379773,24759,50.049595,8.241581
74496,24759,50.051872,8.242286
25536,33298,50.061245,8.24207
319246,33298,50.060932,8.242411
106273,33298,50.060963,8.24224
215801,33298,50.061237,8.242152
631329,218907,50.058292,8.246528
550943,186132,50.03624,8.238153
344142,186132,50.036274,8.23812
380589,186132,50.036777,8.238559
415019,654612,50.055893,8.221038
578584,654612,50.055862,8.220662
657486,654612,50.055664,8.220079
137582,183234,50.04758,8.229942
221445,183234,50.0475,8.230176
153969,183234,50.04745,8.230125
630334,183234,50.047546,8.230067
356796,90782,50.046017,8.214294
54019,90782,50.046295,8.21424
185423,90782,50.045746,8.214445
38111,90782,50.046356,8.214393
489215,359699,50.08453,8.288118
641616,359699,50.084698,8.287934
172796,427065,50.092567,8.279516
346804,427065,50.092636,8.279446
195962,243743,50.08772,8.28529
86103,243743,50.08831,8.284736
279594,459177,50.070778,8.291744
355603,459177,50.07107,8.291642
287486,596394,50.08011,8.281324
471092,425011,50.079174,8.287653
673847,425011,50.07894,8.28788
322236,320724,50.081696,8.298625
339948,320724,50.081715,8.298457
296338,21186,50.076115,8.289696
527597,21186,50.075916,8.28988
334981,654022,50.082237,8.294439
357334,654022,50.08221,8.294579
350964,624540,50.095787,8.278336
670251,624540,50.095337,8.278301
235227,350918,50.08208,8.289468
369501,350918,50.082157,8.290123
496775,296663,50.086517,8.283939
254184,156446,50.085228,8.273436
641426,156446,50.085407,8.274705
186388,146585,50.08352,8.282251
535346,79362,50.085667,8.282051
79555,79362,50.08588,8.281643
43312,538978,50.088005,8.290987
501117,538978,50.087746,8.289636
251636,290193,50.08296,8.281407
255587,9464,50.087208,8.287058
383158,9464,50.08665,8.287011
648199,9464,50.087284,8.287477
81966,9464,50.08694,8.286937
183713,358795,50.083187,8.28628
226520,358795,50.08253,8.286541
26879,358795,50.083427,8.286123
139496,466132,50.084484,8.266447
94132,466132,50.084484,8.266797
562616,50705,50.090477,8.286395
103272,71813,50.09045,8.283433
204948,71813,50.090645,8.284003
67789,71813,50.09073,8.284477
586711,355166,50.084633,8.277665
678649,355166,50.08459,8.277778
416457,632772,50.077534,8.372757
253732,552157,50.077824,8.36961
158574,185608,50.08071,8.371738
620505,185608,50.08081,8.371569
330307,492312,50.081535,8.353047
618324,492312,50.081554,8.352823
289558,442962,50.07584,8.370362
331530,98840,50.080345,8.367425
16296,608414,50.08159,8.367549
5580,194031,50.080467,8.360131
630150,194031,50.080418,8.360271
617418,125734,50.04539,8.355808
393568,654332,50.0387,8.322514
340212,404322,50.047047,8.350857
42344,404322,50.045593,8.353557
444898,404322,50.043564,8.350151
657441,404322,50.045826,8.353177
253650,603064,50.047318,8.368962
504862,603064,50.04712,8.367387
431058,137974,50.039867,8.361563
524746,137974,50.03994,8.36159
444006,143541,50.04213,8.355935
353370,4981,50.036827,8.355419
175660,373565,50.043945,8.35432
633837,246957,50.04577,8.360229
615968,246957,50.04517,8.359497
478700,246957,50.045948,8.360352
298849,575637,50.04196,8.361326
431046,575637,50.04191,8.361411
302457,422392,50.04727,8.362163
569122,422392,50.04724,8.362275
405927,275675,50.037704,8.357739
582956,275675,50.038136,8.357343
659758,275675,50.03776,8.357697
573823,391085,50.050674,8.374866
612016,391085,50.050728,8.374949
148448,322350,50.068176,8.192415
18775,113419,50.079807,8.200812
241744,113419,50.079918,8.201593
303828,153225,50.072052,8.185827
631117,153225,50.072025,8.185743
61639,33546,50.075836,8.204287
157165,264886,50.05767,8.191446
492004,264886,50.058426,8.19135
453856,346722,50.09702,8.169513
673897,346722,50.097206,8.169297
306591,645980,50.072704,8.194449
221793,645980,50.072655,8.194966
2453,645980,50.072258,8.196118
441770,645980,50.071655,8.195039
274390,251818,50.066315,8.190994
311598,251818,50.06626,8.190771
60908,251818,50.06628,8.19112
40212,521044,50.071445,8.184063
299384,437811,50.08301,8.195044
670425,437811,50.082558,8.195639
23969,471811,50.070786,8.198839
471730,471811,50.070847,8.198684
174654,188588,50.095016,8.157152
66375,188588,50.094738,8.155993
448923,222326,50.062138,8.209429
561712,222326,50.06209,8.2095
43929,561935,50.069237,8.186866
458468,561935,50.06984,8.18578
508484,306083,50.082027,8.194153
366028,131164,50.09448,8.142473
565586,131164,50.09373,8.141575
313892,551907,50.061726,8.188781
635270,551907,50.06227,8.189917
336443,593208,50.0883,8.1885
75824,593208,50.08826,8.188571
120871,22917,50.078472,8.191362
548,22917,50.078598,8.191416
672478,411218,50.08274,8.192408
112493,257951,50.067436,8.189187
280532,257951,50.067394,8.188615
161357,418977,50.067486,8.182398
28146,418977,50.06745,8.18251
501463,115679,50.0635,8.19713
554881,115679,50.063507,8.196949
15507,215928,50.064144,8.205835
341722,215928,50.06418,8.205764
189488,130390,50.085976,8.191697
260419,130390,50.08648,8.191032
569041,130390,50.086277,8.19151
226717,385275,50.07094,8.17833
357141,385275,50.070175,8.17731
476686,385275,50.070164,8.178022
462579,207942,50.071762,8.183247
540044,207942,50.072304,8.183084
584740,207942,50.07309,8.182345
651331,207942,50.071922,8.183133
327859,470330,50.064533,8.184166
340360,470330,50.065113,8.183625
305878,181642,50.070408,8.197012
96046,181642,50.07089,8.196529
659285,273751,50.068592,8.191137
666615,273751,50.068638,8.189935
253447,219201,50.067474,8.207638
391155,219201,50.067665,8.20709
230236,606478,50.064014,8.199119
447678,606478,50.063934,8.199093
261127,544873,50.074886,8.182426
279063,544873,50.074833,8.182413
279721,229251,50.089626,8.185836
447185,229251,50.08978,8.185806
302038,221785,50.073784,8.18901
144060,354815,50.07506,8.197524
403594,354815,50.07512,8.197942
327405,552700,50.069584,8.198384
477684,552700,50.06965,8.198327
386297,407156,50.058094,8.290785
533211,407156,50.05782,8.291585
144390,407156,50.05813,8.290597
658231,407156,50.057823,8.29163
614210,435090,50.06367,8.318203
62801,435090,50.063793,8.317922
630045,341044,50.05506,8.2964
421558,312677,50.053406,8.304762
630484,312677,50.05314,8.304096
570658,312677,50.053177,8.304601
582058,312677,50.05318,8.30417
346839,331613,50.06014,8.301928
56471,420617,50.042267,8.314788
401533,483355,50.05517,8.298802
603428,483355,50.055088,8.299013
187378,483355,50.05497,8.299042
226273,483355,50.054836,8.299379
430776,483355,50.055237,8.298744
679057,483355,50.054585,8.299831
293074,337317,50.059605,8.304268
650221,337317,50.059216,8.303924
658454,289256,50.041153,8.320133
212132,554572,50.04835,8.302221
590276,554572,50.048424,8.302203
22649,285209,50.0611,8.295992
530521,285209,50.060753,8.295983
210681,42168,50.060696,8.282781
510387,42168,50.060726,8.283392
302995,42168,50.06063,8.283765
511039,42168,50.060722,8.282786
198964,89604,50.05892,8.288665
456823,89604,50.05889,8.288679
263391,365690,50.061684,8.302771
513535,365690,50.06156,8.302521
312205,389,50.056786,8.294531
913,389,50.056515,8.295016
34702,389,50.05676,8.294506
523302,389,50.05652,8.29511
122441,1535,50.06175,8.291625
553476,1535,50.06182,8.29182
462632,213637,50.066257,8.293961
604347,213637,50.066555,8.293761
507380,572022,50.05594,8.307435
670088,572022,50.05617,8.307417
441835,609149,50.05204,8.307233
7159,609149,50.052044,8.307126
332797,191640,50.059383,8.290278
528658,191640,50.059772,8.290425
257197,543800,50.053715,8.290723
380163,214972,50.055,8.305423
554905,214972,50.05499,8.305354
389898,19757,50.057926,8.296025
77793,19757,50.05843,8.295906
347366,676962,50.052174,8.295061
228760,407108,50.066532,8.159522
259743,407108,50.06642,8.157736
248362,384560,50.060238,8.157802
283381,384560,50.06026,8.157704
619204,384560,50.06032,8.157521
679627,132771,50.0658,8.154883
337706,148746,50.066547,8.165164
636443,148746,50.06647,8.164663
151154,109865,50.062412,8.154231
381080,109865,50.06279,8.154042
217222,573055,50.068714,8.171496
336749,573055,50.06874,8.171565
290536,373482,50.11085,8.295781
50337,373482,50.11082,8.296313
596795,373482,50.110992,8.296562
121381,646983,50.080692,8.32471
362913,646983,50.080654,8.32485
290091,502935,50.08258,8.325635
572677,143333,50.080853,8.325979
674331,143333,50.081383,8.325762
227883,398912,50.08203,8.311348
419409,398912,50.082058,8.310747
33756,44870,50.08173,8.328831
367815,44870,50.082012,8.329484
189702,47139,50.07883,8.329389
444927,47139,50.078167,8.329635
592552,582831,50.09433,8.197109
667649,582831,50.09441,8.197019
502020,582831,50.0944,8.197073
172262,515484,50.084564,8.207859
435171,515484,50.08449,8.207749
102379,515484,50.084705,8.207134
595646,515484,50.08471,8.207727
154285,477699,50.082367,8.203424
528456,477699,50.082653,8.203182
269850,514897,50.097267,8.184182
399104,514897,50.096573,8.186491
528246,514897,50.096573,8.186446
566208,272829,50.08582,8.204695
582446,272829,50.08554,8.205733
172304,483997,50.080822,8.204554
213229,483997,50.08034,8.20431
241211,483997,50.08066,8.206247
595958,483997,50.079266,8.205767
31984,601996,50.09017,8.197035
539247,601996,50.0901,8.19807
256170,553683,50.089657,8.198804
279502,553683,50.090214,8.199004
358921,553683,50.090744,8.199191
432211,577293,50.092056,8.199043
566184,577293,50.09203,8.198806
677853,577293,50.0923,8.199347
276909,119442,50.08728,8.205341
61349,119442,50.08793,8.205219
283171,119442,50.08729,8.205302
445631,119442,50.087845,8.20532
514798,327747,50.090637,8.19521
640781,327747,50.09121,8.19583
362689,518881,50.08718,8.200103
466540,518881,50.086742,8.200473
637426,518881,50.08676,8.201353
242527,216888,50.089794,8.204713
437892,216888,50.089462,8.204844
379948,55100,50.09222,8.202912
596892,55100,50.092323,8.202571
156410,55100,50.092335,8.2027
612979,55100,50.092228,8.2028
215724,175041,50.098846,8.186419
34545,175041,50.098892,8.186329
277352,200266,50.084915,8.201105
39966,200266,50.08511,8.200906
417534,384653,50.10193,8.191306
345778,574902,50.08525,8.210674
664956,574902,50.08534,8.210781
422946,349878,50.096474,8.303874
98004,349878,50.0965,8.303762
285949,317303,50.09308,8.302987
662545,317303,50.092525,8.301136
360196,515373,50.10587,8.316431
642296,515373,50.105743,8.316404
173125,683382,50.094715,8.30615
465585,683382,50.09451,8.306404
680914,683382,50.094402,8.306531
163545,331844,50.03157,8.250828
389124,331844,50.03221,8.249849
49867,331844,50.03215,8.249798
526589,331844,50.031563,8.251003
140612,179072,50.030792,8.262659
159550,179072,50.03083,8.261428
256354,179072,50.03183,8.262084
675806,179072,50.031853,8.262043
564113,179072,50.030884,8.262686
129647,179072,50.03086,8.261542
404319,395895,50.04275,8.262825
525913,317004,50.029613,8.254502
73902,317004,50.03006,8.254017
336978,317004,50.029606,8.254663
387815,317004,50.03001,8.253948
644540,171041,50.04005,8.262043
659636,171041,50.040024,8.261987
503514,277294,50.023624,8.278436
238470,277294,50.024143,8.278164
244005,277294,50.023746,8.277849
65043,277294,50.02356,8.2782
546101,457808,50.007,8.283488
453878,457808,50.00705,8.282431
359632,457808,50.00658,8.283174
344774,457808,50.006924,8.283783
196514,457808,50.00732,8.28265
601476,413753,50.00799,8.280041
615234,413753,50.00808,8.280266
566532,383007,50.016193,8.294653
60253,383007,50.01579,8.294449
619939,383007,50.016228,8.294136
136501,356052,50.012234,8.279364
238921,356052,50.011486,8.279096
116416,345533,50.026318,8.29036
520120,345533,50.026386,8.291043
327198,283922,50.038746,8.298231
120612,283922,50.038673,8.298214
409554,283922,50.038742,8.297738
120343,12189,50.029526,8.274207
340247,12189,50.029373,8.274139
620542,593440,50.028522,8.283307
642029,593440,50.028076,8.283509
258349,219837,50.01102,8.291157
519684,219837,50.01094,8.291326
559343,301411,50.01657,8.275253
613480,301411,50.017384,8.274864
149165,177793,50.015335,8.283904
458243,177793,50.014915,8.283297
387024,596871,50.01815,8.297038
496351,596871,50.0181,8.2971
384820,286119,50.02654,8.275075
581212,286119,50.02663,8.275185
290653,534071,50.012863,8.282452
431636,534071,50.012108,8.281919
480896,461093,50.026947,8.265663
74482,461093,50.02581,8.266406
117350,559743,50.019543,8.287614
220226,559743,50.019955,8.288189
30574,559743,50.019882,8.287569
61396,559743,50.019455,8.288234
272119,559743,50.01918,8.287493
215769,277777,50.00806,8.287518
577624,277777,50.00841,8.287484
617326,277777,50.00833,8.28796
69258,120917,50.02926,8.279594
214714,453290,50.014294,8.298308
353594,453290,50.01447,8.298975
442907,619364,50.010345,8.283564
675994,619364,50.010174,8.283622
607327,50841,50.020786,8.27092
642926,50841,50.021297,8.270744
582739,78444,50.017685,8.301622
607550,78444,50.017857,8.301675
224892,171936,50.012817,8.294953
2690,171936,50.012814,8.294688
199761,325365,50.00253,8.296498
253642,325365,50.002464,8.296418
305355,325365,50.002563,8.296508
308011,487155,50.009354,8.296606
488179,487155,50.009396,8.296535
206086,286294,50.00631,8.301075
19535,286294,50.006226,8.301076
363234,286294,50.007584,8.300694
682390,286294,50.00627,8.301116
88066,286294,50.007744,8.299867
515704,640627,50.00644,8.287635
602875,640627,50.006798,8.289304
655806,640627,50.00632,8.289172
112163,666217,50.0048,8.290893
132764,314861,50.00759,8.29496
459875,314861,50.00769,8.294526
146482,649224,50.000317,8.303477
547571,649224,50.001095,8.301122
200241,331768,50.000504,8.308087
44398,331768,50.00067,8.308374
215660,578621,50.00799,8.304301
640639,578621,50.008053,8.304272
471034,247977,50.009193,8.299471
473877,247977,50.00922,8.299624
181954,374266,50.00866,8.311211
527516,374266,50.008816,8.311222
180349,450668,50.01136,8.298365
513563,450668,50.011505,8.298516
221013,16123,50.003,8.301328
416523,16123,50.00299,8.301468
287412,276637,50.0015,8.305901
481043,276637,50.001663,8.305885
349616,97586,50.11022,8.338345
534100,97586,50.11012,8.338766
234644,88558,50.11528,8.337521
267115,125741,50.102856,8.345589
425833,125741,50.10276,8.344375
261651,594016,50.107525,8.338382
74531,594016,50.107418,8.338398
281966,264998,50.10838,8.336525
577333,264998,50.10785,8.336952
29675,92794,50.10469,8.339526
649814,92794,50.104378,8.339907
279468,652248,50.112083,8.338599
443642,652248,50.1122,8.338556
49278,302042,50.103355,8.343178
355122,378403,50.133263,8.29811
358191,378403,50.133106,8.297874
325136,531740,50.12995,8.293151
401432,531740,50.12898,8.294284
63517,531740,50.130684,8.293924
357510,308463,50.127247,8.297694
501792,408874,50.13497,8.301036
222770,408874,50.134857,8.302059
549682,408874,50.135612,8.30195
430730,335393,50.133442,8.304303
501708,335393,50.1338,8.303641
624888,349170,50.13886,8.304742
88387,349170,50.138237,8.304654
274138,362038,50.1356,8.308958
261147,154952,50.14465,8.308002
487745,154952,50.14463,8.307821
210343,429599,50.06293,8.322711
592122,429599,50.062714,8.323789
370248,261472,50.06472,8.33196
392686,166919,50.057594,8.329363
444400,595097,50.05723,8.333502
69961,595097,50.057205,8.333823
411823,582358,50.062878,8.336762
594685,582358,50.06269,8.338566
655610,616145,50.067898,8.338508
139242,234288,50.06604,8.342403
179068,234288,50.066067,8.342291
578170,308829,50.061043,8.33627
129771,381557,50.06111,8.34092
309770,381557,50.061024,8.340893
390923,480009,50.06616,8.339426
570136,551224,50.062473,8.330399
482939,432028,50.061787,8.32891
294985,432028,50.060898,8.329146
35867,432028,50.06147,8.330241
133189,321375,50.063786,8.352615
645460,321375,50.063805,8.352545
144889,321375,50.06373,8.352589
559225,321375,50.063824,8.352697
149737,291826,50.057106,8.338349
541480,291826,50.05712,8.337749
58657,291826,50.057087,8.337931
265584,470870,50.058937,8.334777
72031,470870,50.05929,8.33501
146998,641777,50.06066,8.3441
406070,641777,50.060368,8.343849
486079,641777,50.060665,8.344194
647034,641777,50.06042,8.343862
184083,427924,50.06377,8.347918
562977,427924,50.063454,8.347783
555604,427924,50.063805,8.348048
633902,427924,50.063633,8.34791
302526,185626,50.068268,8.334285
92211,185626,50.068565,8.334462
116870,185626,50.067963,8.334107
588989,126702,50.108505,8.281759
194486,242512,50.110382,8.281808
673582,242512,50.10998,8.281422
615857,581330,50.10942,8.268877
84662,581330,50.109074,8.268379
232689,211346,50.119606,8.276245
48853,211346,50.119614,8.276063
633151,211346,50.119373,8.276024
555477,39637,50.11539,8.270408
118988,326199,50.112885,8.272249
138257,604695,50.117516,8.274137
14799,604695,50.1172,8.273582
487490,546806,50.048214,8.209909
643744,546806,50.048115,8.208543
163746,546806,50.04815,8.208598
278337,546806,50.048126,8.20973
27281,546806,50.04815,8.209362
492257,546806,50.04814,8.208634
469155,66642,50.04763,8.195313
164047,295263,50.05958,8.199025
482162,295263,50.05941,8.199042
352911,41876,50.04322,8.208023
402737,41876,50.043053,8.208779
522165,636707,50.044697,8.185144
585741,636707,50.04461,8.185422
99792,636707,50.044697,8.184883
212174,159194,50.049515,8.197936
27146,159194,50.049458,8.197588
148256,559145,50.04269,8.200158
410310,559145,50.042763,8.200534
266376,363372,50.051456,8.192891
283843,363372,50.051376,8.192655
135098,294569,50.054794,8.19715
38450,294569,50.054806,8.197457
251762,496693,50.05681,8.21002
67133,496693,50.05585,8.20917
479957,676122,50.055157,8.19181
537039,676122,50.054676,8.19158
188724,116972,50.045685,8.18993
383451,116972,50.04546,8.189836
482043,116972,50.04548,8.190073
371971,116972,50.045387,8.189734
569309,116972,50.0456,8.189985
134760,311438,50.04583,8.186563
185541,311438,50.045483,8.187044
202130,311438,50.045467,8.186967
293500,177660,50.045605,8.195293
15610,177660,50.045654,8.195645
328102,139307,50.0447,8.196006
430283,139307,50.04472,8.195896
526682,139307,50.044743,8.195923
115539,649668,50.04424,8.204725
163770,649668,50.043617,8.204582
31965,238757,50.047802,8.205225
482928,238757,50.04786,8.205629
250084,238757,50.047718,8.205059
254103,238757,50.047886,8.205526
358069,238757,50.04775,8.20496
454585,238757,50.047855,8.205445
382071,526,50.050354,8.203689
440849,526,50.050354,8.203409
519034,526,50.05066,8.204563
551002,526,50.050713,8.204632
49514,397245,50.049164,8.192469
592366,397245,50.048855,8.193367
383057,335336,50.04614,8.200702
71060,335336,50.04653,8.200819
324309,335336,50.04651,8.200837
349374,335336,50.04615,8.20063
336606,335336,50.046227,8.200644
446720,335336,50.045628,8.200109
615285,335336,50.046505,8.20089
650942,335336,50.046227,8.200839
190329,203460,50.10608,8.243123
564871,203460,50.105747,8.243002
404776,101173,50.09752,8.260672
474475,101173,50.096703,8.259846
97307,60918,50.097645,8.269196
105278,674428,50.10185,8.264156
175598,674428,50.101467,8.265168
282055,674428,50.101433,8.264316
669439,674428,50.101173,8.264376
256541,237907,50.092167,8.265785
617320,237907,50.092964,8.265899
111579,508144,50.097057,8.264788
206960,508144,50.096813,8.265588
240245,16059,50.104305,8.266411
553770,255432,50.1005,8.246104
58407,255432,50.100758,8.245974
626454,613269,50.104748,8.266306
344899,661316,50.090427,8.263702
391436,661316,50.09088,8.264338
31054,287674,50.10648,8.268642
664664,287674,50.106712,8.268569
325319,412926,50.098522,8.261845
482753,412926,50.099026,8.262843
208775,217004,50.09397,8.257331
660969,217004,50.094685,8.257767
190614,355408,50.095177,8.268604
317385,355408,50.095303,8.268784
255824,655600,50.09925,8.267047
572315,655600,50.099457,8.267183
605707,662994,49.375107,6.727198
78731,662994,49.375313,6.727285
15382,42279,50.224236,9.336638
640081,462478,50.185413,8.741555
381562,462478,50.185486,8.741667
284181,46402,51.05887,9.181914
358134,46402,51.058857,9.181772
32049,434390,51.276012,9.452835
187165,495981,51.313374,9.446958
129551,95848,51.24932,9.397934
457192,95848,51.24918,9.397932
282103,460164,50.216316,9.270535
297159,219319,50.21312,9.272829
484798,545688,50.20501,9.277391
333036,94959,51.397312,9.626586
194623,518213,51.39839,9.639755
410158,136320,50.7287,7.16649
58129,136320,50.728767,7.166337
369832,6811,50.710625,7.17894
426610,6811,50.710594,7.178788
534965,424030,50.715073,7.1593
375858,26908,50.704674,7.175967
516661,80929,50.720024,7.156833
572008,80929,50.720627,7.156294
160698,400317,50.711334,7.183971
562294,400317,50.711372,7.183773
530259,325658,50.709503,7.170577
80260,325658,50.70965,7.170173
203438,288801,50.717964,7.15412
533531,288801,50.718033,7.154147
14573,361899,50.713493,7.169616
254215,361899,50.7124,7.171502
526225,361899,50.712215,7.171377
619527,361899,50.71342,7.169751
370458,551963,50.712746,7.166265
210090,516102,50.716267,7.16136
304946,516102,50.716087,7.165672
405898,516102,50.716278,7.16552
678792,516102,50.71656,7.165205
24454,408316,50.709995,7.174188
345770,408316,50.709538,7.174431
418539,408316,50.709736,7.174296
104711,448590,50.710094,7.174584
112174,448590,50.710133,7.174709
466441,316965,50.70725,7.173155
682537,316965,50.707237,7.172958
516752,107799,51.416115,9.386045
253796,227448,51.23746,6.744749
272113,227448,51.2374,6.744749
328277,227448,51.23759,6.744713
187198,412826,51.520897,7.50219
29136,412826,51.520462,7.501229
475718,333770,51.03373,13.691169
550452,333770,51.033768,13.691106
351376,175773,50.992416,10.294261
236440,24990,50.982563,10.300583
434768,67808,51.52504,11.536116
494290,67808,51.524746,11.535229
16927,650429,51.17889,10.028306
406018,219891,51.367092,9.523033
468979,219891,51.36706,9.52294
142494,360009,51.18078,9.37656
581172,360009,51.18068,9.37666
410413,286979,51.413055,9.650633
527320,217523,51.31886,9.48997
598990,463181,51.376316,10.131498
284373,461226,51.03889,9.397452
600066,461226,51.038185,9.398002
393079,303425,51.0669,10.17548
32078,303425,51.066948,10.175267
488985,337450,51.31227,9.44807
107152,523408,51.317924,9.472406
334020,523408,51.317818,9.472569
32589,408664,51.31004,9.52429
83737,408664,51.31016,9.52592
304711,401912,51.343163,9.487303
584662,401912,51.343422,9.487891
51273,128126,51.334225,9.44062
636851,128126,51.33414,9.440808
145743,128126,51.333942,9.440556
185927,578128,51.34493,9.37753
339647,578128,51.34528,9.37725
537509,179602,51.29219,9.543178
352507,179602,51.292233,9.543281
460528,22776,51.345795,9.496856
549920,22776,51.34629,9.49815
304351,90208,51.289753,9.513595
225098,90208,51.289753,9.513595
32957,90208,51.289753,9.513595
60336,299577,51.30729,9.395934
249356,299577,51.307434,9.395821
167041,338820,51.325775,9.518257
216916,338820,51.326046,9.518539
554685,642992,51.274467,9.445137
310426,642992,51.274384,9.445217
28151,623770,51.316444,9.504447
298541,623770,51.3161,9.504862
516839,544480,51.328793,9.523786
90347,544480,51.328636,9.523473
168636,544480,51.328556,9.523561
237590,544480,51.32877,9.523357
512152,12466,51.273792,9.458719
632445,507861,51.34519,9.45409
388777,507861,51.34517,9.45439
320406,668692,51.285027,9.458656
681012,668692,51.28493,9.45887
467322,152235,51.335793,9.433918
598558,152235,51.33571,9.434853
336376,502995,51.294502,9.556206
51911,502995,51.29441,9.556142
272774,180536,51.309425,9.547345
323754,180536,51.309273,9.547543
132808,244787,51.285034,9.452526
641161,244787,51.285244,9.452331
478461,528403,51.303253,9.409005
490156,528403,51.302902,9.409832
404785,323959,51.317993,9.500694
190468,323959,51.318375,9.500412
172018,323959,51.318054,9.499648
184597,323959,51.31765,9.500053
99016,323959,51.318153,9.499707
119496,490455,51.31125,9.53123
404411,490455,51.31169,9.53265
72260,498806,51.307487,9.488085
73689,498806,51.30761,9.488417
620120,234037,51.34275,9.4437
156823,234037,51.34274,9.44396
661860,48896,51.309128,9.381082
459464,48896,51.30942,9.379921
536008,250933,51.269775,9.447115
57371,236848,51.3154,9.4791
636796,236848,51.315308,9.479113
464805,588404,51.291393,9.462832
116284,588404,51.29122,9.462748
241019,410030,51.33777,9.515954
391044,410030,51.338165,9.515815
19370,410030,51.33803,9.51557
524889,410030,51.337585,9.516081
150507,428778,51.3183,9.460714
610606,428778,51.31828,9.460958
128357,550737,51.30112,9.499636
538240,550737,51.301113,9.499464
341413,52707,51.303097,9.468116
368625,52707,51.302986,9.468256
586390,432126,51.2994,9.481504
632378,432126,51.2987,9.481007
101423,432126,51.29904,9.481693
490901,432126,51.29929,9.482512
117721,298363,51.27981,9.52015
198502,111387,51.33194,9.450096
520746,111387,51.331894,9.451132
220686,111387,51.332115,9.451991
381636,111387,51.332077,9.452149
623459,292436,51.293438,9.476139
362309,292436,51.29351,9.476369
526713,365441,51.275967,9.45259
296926,365441,51.27585,9.452525
497857,365441,51.276436,9.454096
618095,365441,51.276436,9.453978
168180,449424,51.313076,9.446789
622496,449424,51.313232,9.446941
258516,449424,51.3133,9.446791
571889,449424,51.313343,9.446796
130711,449424,51.31303,9.446573
337409,449424,51.313286,9.447644
488412,449424,51.31306,9.44733
654225,449424,51.31313,9.447257
380998,449424,51.312435,9.448181
130364,449424,51.311665,9.447681
133082,449424,51.3117,9.447847
351563,449424,51.311737,9.447982
404225,669479,51.32228,9.456768
345169,669479,51.322483,9.457556
533866,639493,51.315834,9.465003
135760,639493,51.316067,9.465023
248984,639493,51.316135,9.464881
411166,182121,51.339447,9.471227
461964,182121,51.33955,9.471384
302851,115852,51.27659,9.46286
78661,115852,51.27682,9.463263
85968,596501,51.290295,9.506921
40877,269726,51.31282,9.458819
404292,269726,51.31298,9.457014
663968,125454,51.345043,9.476004
327791,125454,51.345135,9.475907
128484,288951,51.31091,9.54304
446643,288951,51.31064,9.54364
144308,584285,51.282948,9.499919
680173,584285,51.283005,9.498493
146115,465984,51.29092,9.41137
60064,465984,51.290966,9.411604
192133,680748,51.28093,9.40637
582110,680748,51.28191,9.40668
87059,142996,51.31732,9.48004
467478,142996,51.31725,9.47963
263774,350803,51.337395,9.418644
439650,350803,51.337322,9.418818
90032,95879,51.2939,9.40984
158807,95879,51.29405,9.41
547918,179448,51.29984,9.473566
543356,179448,51.300224,9.47293
169649,516611,51.309517,9.42247
8779,516611,51.309406,9.422437
286832,31133,51.32525,9.479395
572840,31133,51.325493,9.477851
536148,220199,51.27439,9.447784
84487,220199,51.275074,9.449546
340706,220199,51.275192,9.449848
263768,409625,51.287823,9.41058
373239,409625,51.28755,9.410535
302329,208664,51.31877,9.456371
481542,208664,51.318905,9.456028
425068,173069,51.29206,9.51917
582889,173069,51.29215,9.5191
645306,37616,51.27471,9.511765
31594,37616,51.274822,9.511637
521712,331449,51.279625,9.44212
276661,331449,51.279713,9.443358
18542,279050,51.282192,9.465018
671753,279050,51.282158,9.464525
95660,332136,51.314835,9.450317
430728,332136,51.31482,9.45061
282552,392792,51.28062,9.426554
32501,392792,51.280926,9.425997
314793,343074,51.288246,9.522023
315947,343074,51.28838,9.522324
122723,195164,51.344242,9.494527
609739,195164,51.34452,9.49484
21207,313527,51.336563,9.441265
17259,36339,51.31165,9.43385
46125,36339,51.31171,9.43318
334945,47363,51.28954,9.474157
192379,570244,51.31843,9.45073
96909,570244,51.31839,9.45096
133544,40980,51.30808,9.553351
423452,40980,51.308353,9.554259
384345,334820,51.29393,9.486347
216155,334820,51.293156,9.487553
357945,407544,51.285023,9.469233
605215,407544,51.2851,9.468997
672802,407544,51.285225,9.469184
569988,495324,51.336018,9.53662
579584,495324,51.335953,9.536459
174840,270072,51.27276,9.521086
331341,270072,51.272778,9.5209
450897,570935,51.281982,9.42519
32754,523739,51.28547,9.465024
4165,523739,51.285515,9.466028
354321,291542,51.324707,9.466902
265191,76003,51.301247,9.414493
473235,76003,51.30093,9.414087
235760,76003,51.301086,9.414341
121157,76003,51.30111,9.414048
616236,76003,51.301258,9.414286
283205,435528,51.326904,9.474136
169723,435528,51.3265,9.474151
129797,548365,51.304058,9.426457
436107,548365,51.30306,9.4269
118514,548365,51.30379,9.42535
560222,548365,51.30368,9.4271
268860,111009,51.301216,9.476913
345449,111009,51.30136,9.47711
64074,360048,51.276443,9.461267
300458,528566,51.31352,9.375165
82255,528566,51.31365,9.375061
160557,528566,51.31347,9.374465
380902,528566,51.313797,9.37405
143970,75623,51.288895,9.548238
383725,75623,51.28837,9.548203
591913,302837,51.331326,9.513403
333234,302837,51.33101,9.513323
118400,302837,51.33063,9.51416
201156,302837,51.330574,9.51416
416801,302837,51.331482,9.513216
46114,302837,51.331383,9.513553
119455,251881,51.27581,9.50635
617240,251881,51.275826,9.506949
161019,527128,51.288567,9.415561
382681,527128,51.288506,9.415417
141270,223622,51.32573,9.475314
611423,223622,51.325836,9.475878
204613,341727,51.347725,9.403839
71746,341727,51.348392,9.405625
195002,656344,51.279816,9.464669
470592,656344,51.279873,9.464326
436198,504354,51.32025,9.492151
20609,504354,51.32006,9.492532
17091,534414,51.336857,9.415137
357153,267238,51.290558,9.549811
399000,267238,51.29048,9.5496
354526,511350,51.311672,9.351479
627272,511350,51.311848,9.351428
226925,126373,51.28533,9.504415
530297,126373,51.285526,9.504035
87138,71847,51.303616,9.472886
632298,71847,51.303802,9.47305
111335,251807,51.335045,9.417968
314553,251807,51.335205,9.417969
352949,301873,51.27161,9.450687
73356,131355,51.3448,9.45117
276286,131355,51.3449,9.45112
386839,455029,51.32824,9.459273
139527,455029,51.32858,9.45919
609943,488182,51.29126,9.539252
155264,488182,51.291454,9.539442
65243,488182,51.29164,9.538079
245961,488182,51.291428,9.538128
157259,621595,51.298576,9.538209
326518,621595,51.298813,9.537815
223453,74792,51.30642,9.437112
607824,74792,51.306377,9.43762
225678,213906,51.32682,9.461263
619075,213906,51.326115,9.46207
635518,213906,51.32577,9.462002
118541,213906,51.325474,9.461526
434775,509193,51.320217,9.483069
443329,509193,51.320183,9.483068
66912,509193,51.320137,9.483056
308994,373521,51.34019,9.43049
15456,373521,51.340096,9.430312
94945,447077,51.307877,9.426699
266690,447077,51.30672,9.425945
665057,630383,51.316204,9.468863
438699,630383,51.31612,9.468954
544721,101654,51.284367,9.517276
377119,101654,51.284348,9.517109
145205,478800,51.331158,9.534819
683052,478800,51.331093,9.534747
333785,588263,51.314117,9.49542
567012,588263,51.31376,9.494458
107215,237429,51.33039,9.521037
161496,106033,51.291496,9.506274
397436,106033,51.29168,9.506595
369467,478223,51.305504,9.501235
34809,478223,51.305447,9.501347
63072,424838,51.344692,9.420963
683100,424838,51.3448,9.421095
446146,291641,51.274094,9.517633
15730,291641,51.274166,9.517849
12699,216716,51.301666,9.559655
482736,599560,51.304108,9.546388
476800,599560,51.304344,9.545447
59955,401110,51.28728,9.528097
35657,401110,51.287567,9.526885
432015,62463,51.29229,9.482316
302589,62463,51.292427,9.482505
582714,515592,51.28229,9.513676
513008,515592,51.281937,9.513936
628589,398918,51.281097,9.515318
376728,38833,51.314484,9.472465
508656,38833,51.314552,9.473015
571439,63981,51.33115,9.503299
444193,63981,51.330975,9.503457
506987,279800,51.34506,9.447941
52157,350413,51.30319,9.4624
41307,350413,51.303345,9.461537
373159,540098,51.29635,9.495245
493853,540098,51.29659,9.495469
139369,278538,51.309204,9.541462
538637,278538,51.309357,9.541105
258918,158077,51.326874,9.500033
344323,158077,51.32669,9.500011
39253,158077,51.327328,9.499684
615106,158077,51.327362,9.500027
317297,464504,51.279346,9.438766
24936,464504,51.27944,9.438679
442139,40132,51.267445,9.473389
550354,40132,51.26733,9.473475
193838,500225,51.33764,9.4348
523262,500225,51.336815,9.433687
644267,500225,51.33752,9.43388
449015,272120,51.32331,9.44789
652150,272120,51.322693,9.448161
660481,655754,51.333145,9.446729
175270,655754,51.333035,9.447212
564160,141643,51.342003,9.545786
557758,141643,51.342644,9.543579
500944,177002,51.34028,9.546937
43363,243591,51.343616,9.543236
41016,243591,51.344135,9.542176
38703,591306,51.308006,9.444746
593293,591306,51.308117,9.444825
114284,591306,51.307747,9.444535
643978,591306,51.307575,9.444741
170867,265088,51.31781,9.491562
40811,265088,51.317417,9.490554
203553,265088,51.317234,9.49062
300495,265088,51.31817,9.488876
379616,265088,51.31823,9.48891
65124,265088,51.31827,9.488946
373942,265088,51.31826,9.489501
228105,265088,51.31777,9.491144
155753,127600,51.31897,9.489731
191026,127600,51.318806,9.489983
306593,469246,51.330936,9.4992
223087,469246,51.33059,9.498513
122625,469246,51.330524,9.498441
422776,469246,51.331036,9.49913
402245,194595,51.337006,9.490352
386936,194595,51.336765,9.490592
484876,222565,51.287437,9.545576
586326,222565,51.287575,9.545622
286709,6241,51.305347,9.433953
671853,6241,51.30533,9.43442
265522,424424,51.291176,9.450092
369688,424424,51.291325,9.449819
217813,50726,51.303932,9.484228
367139,50726,51.30374,9.483898
117603,565220,51.278427,9.5232
479484,565220,51.278484,9.5231
29738,603917,51.280396,9.446204
355494,603917,51.280525,9.446295
147044,603917,51.28074,9.446106
219056,603917,51.28067,9.446341
592899,652539,51.28894,9.451644
450756,652539,51.288902,9.45142
280585,602708,51.291763,9.45373
57602,602708,51.29156,9.453297
59068,602708,51.291367,9.453257
18587,602708,51.29188,9.453902
507904,506418,51.302017,9.448111
256787,506418,51.30188,9.44808
141046,311565,51.310146,9.463424
119663,311565,51.309837,9.463056
673275,238173,51.317257,9.390303
15092,393558,51.300648,9.521316
385632,393558,51.30027,9.521426
549272,478266,51.325634,9.425705
579298,478266,51.32562,9.425824
542155,575710,51.314354,9.431025
458800,575710,51.314316,9.431566
578967,201961,51.32985,9.521707
478617,479709,51.283268,9.421949
420467,479709,51.283585,9.421292
238508,213456,51.30869,9.351051
3796,681121,51.339897,9.481062
410500,681121,51.339996,9.480928
676900,681121,51.340233,9.481106
1517,681121,51.339924,9.481152
205140,681121,51.340034,9.480454
384950,681121,51.340137,9.48129
336861,110629,51.320328,9.501801
683742,110629,51.320614,9.502149
678330,468300,51.299355,9.433679
59972,468300,51.299355,9.433273
227785,548843,51.304337,9.415676
309226,548843,51.30368,9.415778
235151,444278,51.335003,9.531977
527146,444278,51.334892,9.531447
600330,61539,51.333076,9.53124
671229,61539,51.332962,9.531153
613962,367671,51.269913,9.450541
662112,171632,51.32779,9.485695
398740,171632,51.327972,9.485855
395646,587917,51.339203,9.517358
320279,587917,51.339176,9.517218
439366,587917,51.339252,9.51735
665734,638786,51.26923,9.431649
624651,321678,51.299015,9.414827
539104,321678,51.2992,9.41588
400388,452078,51.271744,9.439949
475612,452078,51.2718,9.4398
617850,170350,51.278522,9.460443
413994,640483,51.27672,9.523997
231226,640483,51.276905,9.523913
261632,26074,51.322506,9.494432
670452,26074,51.322765,9.494624
401190,63467,51.2716,9.44656
340239,214713,51.319054,9.475109
429030,214713,51.31929,9.475382
680362,653866,51.3097,9.52169
144637,653866,51.30952,9.52123
202872,440535,51.29366,9.553748
40761,501423,51.33708,9.43811
351344,501423,51.33643,9.43974
26741,188874,51.314922,9.483561
411578,188874,51.314716,9.484079
435289,288949,51.28925,9.517517
558664,288949,51.289288,9.517231
145839,527562,51.27809,9.497342
186041,224808,51.289616,9.544698
628324,224808,51.289524,9.544603
15222,274903,51.31847,9.508204
410605,274903,51.318676,9.508564
189121,329433,51.291576,9.56572
242628,611855,51.3277,9.513311
598065,611855,51.327553,9.513227
470561,185168,51.29543,9.482398
367803,185168,51.29645,9.481903
535679,445028,51.279415,9.455472
327292,445028,51.279488,9.45548
673796,445028,51.27927,9.455667
304804,445028,51.279366,9.45552
267017,504275,51.329216,9.518232
575271,504275,51.32929,9.51767
72355,575143,51.267868,9.467528
255795,99713,51.275013,9.450047
124044,49981,51.32278,9.446857
434346,49981,51.322845,9.446106
655983,486639,51.31677,9.486258
63586,486639,51.316856,9.486479
503476,187336,51.32681,9.53351
39181,187336,51.326828,9.533359
254762,432273,51.30598,9.526655
24496,432273,51.30591,9.527492
643846,586776,51.326656,9.485737
517055,586776,51.32642,9.485204
242566,468400,51.312153,9.465318
224581,468400,51.312523,9.465238
362874,468400,51.31228,9.465216
385540,468400,51.312607,9.464929
124626,468400,51.312016,9.464994
32838,200260,51.30587,9.457046
573647,200260,51.30591,9.457186
292017,180642,51.326958,9.509793
113060,180642,51.327267,9.509709
264196,180642,51.326805,9.509588
46740,180642,51.32739,9.509827
201851,657106,51.28086,9.434311
244764,657106,51.281,9.434206
292646,189824,51.27379,9.459851
339288,155700,51.335026,9.513555
642625,155700,51.334732,9.513499
554280,645083,51.309284,9.466839
280829,645083,51.309135,9.466509
50357,498551,51.316082,9.46079
112939,498551,51.316154,9.460786
78433,161042,51.285767,9.449693
14512,161042,51.285744,9.44952
622577,641575,51.34349,9.44746
133029,641575,51.34351,9.44836
379172,158506,51.278683,9.486225
297552,158506,51.278675,9.485982
435564,554349,51.3382,9.43815
132321,554349,51.33806,9.438338
43184,572323,51.31372,9.4402
301684,572323,51.313854,9.439447
10584,616245,51.29187,9.548279
352945,616245,51.292015,9.548143
122549,606308,51.31502,9.427238
331739,606308,51.315716,9.427436
507962,547652,51.30942,9.471359
31,547652,51.309338,9.472248
544101,486718,51.314342,9.525946
578158,486718,51.314342,9.525946
587155,469297,51.305332,9.460423
520268,469297,51.30541,9.460435
431200,239683,51.315884,9.498226
182940,239683,51.3156,9.497502
409830,71591,51.317284,9.497866
492449,71591,51.31631,9.49658
228100,272455,51.301025,9.429754
252288,272455,51.300858,9.429807
288297,469758,51.303352,9.531397
602296,469758,51.30332,9.531225
116459,469758,51.303577,9.531228
320149,469758,51.3034,9.53151
460753,202016,51.30126,9.534658
445901,653867,51.333412,9.426561
171853,653867,51.333256,9.426642
328553,62689,51.290268,9.472992
281616,62689,51.29034,9.473961
580526,62689,51.290142,9.472715
393473,62689,51.290466,9.473994
275035,658448,51.29245,9.522743
395904,658448,51.29239,9.522601
88340,389374,51.30294,9.517001
22684,389374,51.301937,9.516599
523835,222847,51.34026,9.44143
676137,222847,51.34026,9.44123
479422,452837,51.276623,9.503452
512800,452837,51.27661,9.50281
612204,52876,51.29473,9.546609
16395,52876,51.295036,9.54622
568150,52876,51.295197,9.54582
268575,416982,51.29234,9.552615
182565,416982,51.29215,9.553013
442749,8471,51.314632,9.368451
429783,140247,51.31604,9.530254
52206,140247,51.31604,9.530254
152143,114305,51.318783,9.496747
400196,114305,51.318867,9.496672
571855,468953,51.29144,9.456266
291385,468953,51.29155,9.456234
655324,487738,51.31825,9.46461
255338,487738,51.31838,9.46447
414063,17596,51.30487,9.445621
22479,17596,51.304592,9.445504
379952,244722,51.306057,9.528765
167701,520244,51.329636,9.47993
160482,520244,51.32997,9.480452
90560,49348,51.272648,9.440869
661765,49348,51.272736,9.442197
208486,49348,51.272984,9.441095
57361,49348,51.272175,9.441301
267861,49348,51.27295,9.441811
34728,112452,51.268284,9.435974
45408,112452,51.26804,9.435666
394420,284175,51.328217,9.532899
155257,284175,51.32784,9.533545
514099,167537,51.29067,9.492787
22891,167537,51.290264,9.492858
157726,66127,51.325253,9.509671
397080,66127,51.325134,9.509619
531672,299803,51.312153,9.474121
176233,299803,51.31207,9.474448
31250,432669,51.319866,9.506185
472147,432669,51.319633,9.508063
537738,432669,51.320038,9.506446
448856,338894,51.32525,9.47091
619608,338894,51.32469,9.46973
110986,322250,51.305256,9.403222
83312,322250,51.305332,9.402832
139008,406164,51.274864,9.488024
305379,406164,51.274952,9.487864
650348,618129,51.308434,9.392184
595173,618129,51.30894,9.390912
109856,183875,51.302902,9.419709
186859,183875,51.303272,9.420198
280025,123566,51.337597,9.522001
278715,94586,51.280266,9.430047
644778,94586,51.280067,9.429988
543872,436890,51.29389,9.51443
204857,436890,51.294075,9.513586
263943,495596,51.281628,9.432494
152057,495596,51.281673,9.432802
638528,40386,51.27754,9.449097
103177,40386,51.277805,9.44829
456238,40386,51.277695,9.449438
351248,40386,51.277065,9.447963
575896,540216,51.309166,9.502444
588732,540216,51.30921,9.502562
453956,60625,51.280434,9.500764
165905,94140,51.316555,9.423272
553977,94140,51.316616,9.423167
273662,71433,51.296192,9.479227
400858,71433,51.29603,9.47898
250458,175847,51.330364,9.457354
291377,175847,51.3302,9.457207
345171,88412,51.30888,9.457849
486049,88412,51.308956,9.45704
668235,671064,51.308483,9.481155
244107,671064,51.308876,9.480221
138291,339118,51.31096,9.513045
666747,339118,51.311005,9.513659
203779,339118,51.31088,9.512479
312788,339118,51.31078,9.513048
379134,339118,51.311058,9.512318
340750,380338,51.31902,9.490283
555767,343952,51.313457,9.447944
432259,399645,51.269367,9.47182
65850,399645,51.269867,9.473333
590582,473632,51.325207,9.430487
649711,473632,51.325153,9.430712
79777,473632,51.325157,9.430506
533940,155968,51.315845,9.473496
115821,155968,51.315845,9.473496
168396,401265,51.331154,9.413062
74672,308354,51.303562,9.55048
276095,308354,51.30329,9.551649
222519,251123,51.312634,9.492859
262899,251123,51.312138,9.491899
82234,24890,51.312477,9.490867
64450,24890,51.312115,9.491246
97406,188907,51.337643,9.422258
183064,188907,51.337597,9.422969
77012,102423,51.322956,9.490457
603924,102423,51.323105,9.491349
402113,102423,51.32319,9.49037
576191,651029,51.295837,9.452388
470663,651029,51.295803,9.452415
143755,501799,51.28514,9.507205
310236,501799,51.284977,9.507393
579566,185518,51.325527,9.44489
499296,185518,51.325645,9.445151
607160,506843,51.324005,9.439294
622321,506843,51.32403,9.439364
566241,506843,51.324104,9.439354
395958,255740,51.34468,9.482562
96124,255740,51.34433,9.48247
457705,107327,51.31325,9.442059
153838,477768,51.335804,9.524915
116932,477768,51.33554,9.525084
140156,473809,51.31317,9.452654
277719,473809,51.313225,9.452171
437992,491992,51.331326,9.47918
224123,610900,51.314663,9.469489
616720,610900,51.314587,9.4695
127389,339511,51.291786,9.550057
276655,467930,51.31342,9.536979
682855,467930,51.313396,9.536477
165665,181065,51.285187,9.419056
391304,181065,51.285717,9.418431
548973,104036,51.30896,9.51822
259800,104036,51.30932,9.517457
134903,162712,51.33067,9.506608
452883,162712,51.33056,9.50796
487575,21951,51.316444,9.492477
432674,21951,51.316032,9.492251
524893,21951,51.3163,9.492404
359720,21951,51.316135,9.492489
596856,21951,51.31615,9.492475
541347,266220,51.27439,9.447475
547708,632838,51.33439,9.528503
60112,632838,51.33445,9.52897
505141,48596,51.316917,9.415416
646807,48596,51.316917,9.415416
346021,352167,51.337566,9.518808
104846,352167,51.337452,9.520342
340036,312822,51.339935,9.493833
275870,443713,51.306557,9.430236
146086,282349,51.33349,9.534621
180223,282349,51.332905,9.534068
327487,608862,51.283203,9.444083
119965,608862,51.28306,9.444336
319273,608862,51.282417,9.444987
48101,121679,51.34871,9.497888
411437,121679,51.349022,9.497844
131062,392447,51.318535,9.513113
18080,392447,51.31868,9.512656
671746,10811,51.33368,9.423029
458405,10811,51.33368,9.423292
645662,10811,51.333557,9.423257
82749,456886,51.301384,9.413139
184857,242009,51.294434,9.489209
226151,242009,51.294037,9.488741
336822,480494,51.324368,9.484003
93895,480494,51.324265,9.484241
134619,604521,51.275906,9.455453
224588,604521,51.275776,9.455354
334939,209455,51.33047,9.511503
79900,209455,51.3304,9.511388
540885,209455,51.330612,9.510815
415893,209455,51.330734,9.510321
644251,138513,51.335026,9.414646
639360,138513,51.33478,9.414295
221205,37945,51.33781,9.426455
275352,37945,51.337917,9.426367
151143,364383,51.31297,9.500581
475897,364383,51.31306,9.500726
407195,366250,51.32476,9.434981
486026,366250,51.324665,9.43496
637030,366250,51.32469,9.434979
114566,568378,51.345203,9.491178
77163,568378,51.34456,9.489987
656403,592798,51.294865,9.532075
39851,592798,51.29488,9.532362
595191,397376,51.30515,9.538525
335520,397376,51.30496,9.537722
457584,523792,51.29016,9.552029
158541,523792,51.290405,9.551775
475665,419825,51.303032,9.553866
495512,419825,51.302883,9.554238
367839,214715,51.305653,9.469516
211000,214715,51.30619,9.469197
468329,522081,51.332603,9.491164
464245,522081,51.33248,9.491255
419393,349145,51.268154,9.475703
103235,349145,51.26809,9.475791
97959,252487,51.314404,9.487828
19671,252487,51.314182,9.488313
306720,155813,51.30241,9.518698
570875,155813,51.30324,9.518549
566749,318827,51.29844,9.450168
327936,318827,51.298794,9.449821
341970,238193,51.321873,9.449661
595004,238193,51.321365,9.450214
7158,493178,51.300915,9.468203
143170,493178,51.300846,9.468005
456557,629722,51.277115,9.452383
294922,629722,51.27682,9.452261
536514,251492,51.329094,9.442319
519179,251492,51.329327,9.442462
643295,66111,51.329372,9.483665
165857,66111,51.3294,9.484031
504272,234999,51.290993,9.471162
55877,234999,51.29112,9.471385
218853,85947,51.34915,9.495772
622253,340355,51.28349,9.502102
361523,340355,51.28304,9.501691
541961,441775,51.30492,9.541211
259440,441775,51.305027,9.541135
28164,536566,51.269684,9.437016
395700,536566,51.26967,9.437668
581974,414783,51.29485,9.552223
505156,414783,51.29482,9.553507
540172,126673,51.28329,9.476916
567441,126673,51.283108,9.477057
208258,127871,51.313583,9.509247
361766,127871,51.313305,9.509341
553338,548198,51.308296,9.454168
515984,548198,51.308308,9.454126
494541,579422,51.30436,9.534179
124,579422,51.30438,9.534596
586792,303381,51.342274,9.540891
646731,303381,51.342197,9.540699
119339,49145,51.28717,9.542063
203257,49145,51.28735,9.542007
75263,469147,51.289402,9.536976
621110,469147,51.289345,9.536712
553974,158372,51.290085,9.509556
291671,82333,51.287617,9.532462
604956,82333,51.28752,9.532547
151654,189085,51.290283,9.524014
142632,189085,51.29021,9.523724
236388,549572,51.28966,9.52218
208492,566544,51.26923,9.438007
329500,566544,51.26972,9.438633
261526,87584,51.30718,9.416969
420913,87584,51.30705,9.416469
571799,661388,51.311535,9.440575
243950,661388,51.310944,9.441694
424447,661388,51.31147,9.440829
478817,661388,51.311115,9.441645
476378,516666,51.348106,9.494555
28341,298273,51.31171,9.482601
144228,298273,51.311623,9.482835
556459,287525,51.30198,9.557895
267122,259170,51.27834,9.500065
60346,259170,51.278255,9.499802
326710,24497,51.323257,9.512863
523475,24497,51.322826,9.512544
574985,24497,51.323,9.512823
266195,492238,51.29657,9.441289
295468,492238,51.296486,9.440991
580869,168214,51.333908,9.494904
412631,168214,51.33419,9.49458
169678,300526,51.31012,9.427979
164471,300526,51.310055,9.428154
603408,218418,51.29127,9.46667
121747,218418,51.29109,9.467219
341776,453345,51.332123,9.418284
212258,453345,51.33198,9.418087
378650,412741,51.315765,9.423581
80334,412741,51.31555,9.423301
265457,412741,51.315617,9.423607
605756,463189,51.3085,9.448497
332720,225303,51.33348,9.432784
247108,225303,51.33382,9.433053
598401,339557,51.314568,9.489977
27362,339557,51.314255,9.489253
374587,403689,51.293297,9.535067
657522,403689,51.29275,9.536351
589602,520768,51.316143,9.45646
664047,520768,51.315804,9.455005
319152,64007,51.273453,9.455348
623386,191555,51.324677,9.4877
293693,191555,51.32457,9.487355
569091,191555,51.32468,9.487464
467775,191555,51.32441,9.487287
233355,467993,51.297604,9.524938
92834,467993,51.29818,9.524586
29735,204127,51.327827,9.541309
220180,646986,51.32814,9.529974
423319,646986,51.328175,9.529994
485934,646986,51.32854,9.53036
249072,341724,51.29627,9.411322
493269,341724,51.296906,9.41169
105735,620210,51.291122,9.513919
503179,620210,51.29146,9.512715
634083,571751,51.329548,9.537422
107002,571751,51.329327,9.537388
87795,117994,51.30204,9.55999
265339,56258,51.32347,9.47583
648016,56258,51.323517,9.476035
545791,381653,51.342003,9.457855
422781,381653,51.34198,9.45859
487465,381653,51.342484,9.458495
144686,92917,51.29324,9.445514
159414,92917,51.293686,9.445382
375361,165061,51.339535,9.463919
31023,165061,51.339394,9.464041
651783,165061,51.338993,9.463246
635484,165061,51.33906,9.463159
40640,168276,51.32409,9.452405
193554,168276,51.32478,9.45203
85455,407206,51.27635,9.454028
602664,241017,54.349453,13.182606
95682,241017,54.349426,13.182489
421010,193320,51.274582,8.88338
572202,193320,51.274555,8.883094
361504,79801,51.030457,6.922705
532818,79801,51.030136,6.923127
40342,504453,51.03431,6.923783
500048,504453,51.03526,6.923361
5831,504453,51.035374,6.923558
20022,586135,51.039497,6.916354
646547,586135,51.03956,6.916426
585137,129016,51.03397,6.928463
600862,361109,51.03568,6.929272
408152,275194,51.037823,6.922696
296339,350945,51.03251,6.920172
668665,350945,51.03252,6.919902
282058,555636,51.031513,6.920801
600577,555636,51.031185,6.921214
178915,259520,50.840187,7.102045
265180,237904,50.84512,7.102233
168227,199614,51.039497,6.932901
504766,199614,51.039417,6.932982
360903,92152,51.0366,6.939387
361951,92152,51.03672,6.939342
200215,88496,51.268085,9.56174
383015,88496,51.26756,9.562135
635863,513323,50.823517,8.774672
672090,513323,50.82231,8.775983
80877,31450,50.4731,9.648114
226173,231860,50.817738,7.0383
63422,382955,50.81593,7.035704
142050,38992,50.812515,7.039459
391067,326545,50.813164,7.041364
317191,526742,50.83013,7.019696
434370,526742,50.83029,7.019948
225744,87911,50.829544,7.013183
549580,87911,50.830444,7.012267
462808,550188,50.82828,7.008746
597190,550188,50.828693,7.010174
319230,73764,50.836292,7.009752
336418,73764,50.836403,7.009725
200723,477236,50.83234,7.026065
201449,477236,50.832653,7.025598
541021,477236,50.831455,7.024556
637280,477236,50.83211,7.02646
364957,546803,50.828835,7.002413
494581,186481,50.832855,7.011324
655097,186481,50.832863,7.011396
160644,356618,50.775745,7.072589
286369,356618,50.775658,7.072346
325515,60154,50.77665,7.064801
456404,60154,50.776672,7.064872
483065,529989,50.77987,7.06799
609121,529989,50.779728,7.067846
279697,48,50.77836,7.07894
318684,48,50.77805,7.079165
249396,212490,50.780525,7.05685
679537,212490,50.77871,7.059923
163564,148923,50.777477,7.075985
580757,148923,50.77751,7.076164
400673,200168,50.833164,7.035578
587513,200168,50.83318,7.03583
220188,497705,50.83158,7.030647
411566,497705,50.831867,7.030754
40947,400243,50.832375,7.03115
563124,400243,50.83348,7.031572
350006,148288,50.82787,7.031626
679429,148288,50.827465,7.031644
312894,80068,50.834953,7.051164
619774,80068,50.835033,7.051649
513425,401783,50.813,7.036468
249743,499626,50.784004,7.050023
354506,499626,50.78367,7.05049
343407,549781,50.79103,7.053931
6503,549781,50.791733,7.053527
298332,286941,50.79086,7.041606
578271,286941,50.790886,7.041696
207867,289839,50.798534,7.047095
443547,289839,50.798264,7.047158
150043,668825,50.787815,7.045127
297234,668825,50.787888,7.04493
167539,677848,50.787018,7.057812
612547,677848,50.786587,7.057776
17948,542266,50.794525,7.048514
79192,542266,50.794617,7.048424
327358,535587,50.810867,7.038264
444090,535587,50.810802,7.038237
20713,160413,50.813663,7.04396
444907,160413,50.813988,7.045127
140010,409026,50.824295,7.088732
677813,409026,50.82418,7.088974
185162,305332,50.82056,7.061585
53724,305332,50.820705,7.062177
113198,327028,50.821922,7.065142
474313,327028,50.821922,7.064935
186881,307608,50.819546,7.033386
394402,601747,50.82021,7.033925
322335,384009,52.63179,9.218706
403803,384009,52.63143,9.218527
202742,376450,51.314014,9.669427
478870,376450,51.313972,9.669297
351414,537510,51.27583,9.45254
116769,412943,51.71603,8.759526
149995,412943,51.717045,8.759077
173955,412943,51.716118,8.759508
521001,412943,51.71631,8.759724
591320,338026,51.715782,8.761827
578764,338026,51.71616,8.76126
413383,338026,51.7154,8.759158
445318,338026,51.71591,8.761871
208659,423078,51.49315,9.59572
641975,423078,51.493233,9.595175
74001,473349,52.147377,9.100455
202992,513135,51.00252,9.727472
424712,350619,50.717644,10.428622
452601,350619,50.71772,10.428271
195329,253687,50.717545,10.433748
187070,160920,50.71982,10.442105
388523,456135,51.240685,9.564098
578280,456135,51.239914,9.565578
239016,339469,50.8406,7.105925
585824,339469,50.84055,7.105836
463171,261385,51.3488,9.480148
472825,261385,51.348156,9.480107
261417,660467,51.103134,9.35804
236474,379887,49.52741,8.498278
644096,379887,49.527485,8.498287
403463,230880,51.529915,9.033405
451200,230880,51.529762,9.033351
552640,254192,51.488667,9.155144
248760,335575,51.140484,9.97424
533935,335575,51.140007,9.972243
158093,491532,49.875763,8.660542
611967,365318,49.88591,8.672744
23280,284100,49.87721,8.66337
204894,47840,49.851578,8.633916
674589,635605,49.882107,8.665799
398313,454457,49.847946,8.620916
212671,663097,49.869366,8.668405
116549,404511,49.87076,8.635733
163736,470982,49.86495,8.725309
548025,470982,49.864838,8.726001
682653,443956,49.858288,8.64698
199269,145813,49.86788,8.678291
336514,18565,49.847496,8.628413
489596,479742,49.88622,8.623333
508552,479742,49.885986,8.62336
413714,506481,49.8526,8.669743
625321,556393,49.888412,8.646343
508157,476481,49.889908,8.640571
144426,114102,49.85808,8.654962
272346,114102,49.857838,8.654855
253246,446699,49.889324,8.662396
32459,235238,49.873596,8.667611
503523,235238,49.87336,8.666919
133809,26278,49.86506,8.646973
179871,522618,49.875874,8.634975
588823,522618,49.875828,8.634822
125858,522618,49.875854,8.634902
311422,41058,49.88413,8.685279
312143,519571,49.860435,8.637616
327423,519571,49.860577,8.637517
39162,519571,49.860516,8.637562
565438,504911,49.853996,8.626809
91909,504911,49.854053,8.627097
600764,504911,49.854046,8.626959
437206,33967,49.860687,8.652943
610258,138277,49.88186,8.655073
150653,277295,49.8509,8.621725
559357,277295,49.851036,8.622183
52734,277295,49.850952,8.621949
519150,365896,49.863247,8.654121
79775,327471,49.857975,8.635426
105482,679211,49.885635,8.620524
4414,85292,49.84952,8.621001
238951,10581,49.872517,8.629379
186079,10581,49.8717,8.631723
211083,10581,49.871387,8.631391
301964,10581,49.87196,8.631552
311430,10581,49.871513,8.631885
317097,10581,49.87232,8.632855
360207,10581,49.871353,8.632028
433313,10581,49.87176,8.631346
587565,10581,49.8723,8.63148
319476,10581,49.87194,8.631148
552636,10581,49.8725,8.629636
496881,10581,49.872932,8.631512
346103,10581,49.87092,8.628607
479482,10581,49.873077,8.631076
495112,672883,49.86182,8.623561
228222,236038,49.869007,8.671732
433522,266754,49.882343,8.660288
451620,177991,49.866524,8.655906
116966,632393,49.86539,8.665344
674475,329663,49.862274,8.626787
206062,418561,49.866325,8.635101
498967,418561,49.866814,8.634957
472783,418561,49.866623,8.635041
8638,157306,49.86593,8.631555
574630,625611,49.866184,8.630023
401646,590087,49.861313,8.67298
550990,360034,49.869286,8.659445
535662,196037,49.873047,8.682514
576282,196037,49.8732,8.681651
156981,271008,49.86408,8.638065
571546,271008,49.863754,8.638164
337683,271008,49.863888,8.638163
326736,484360,49.869667,8.655142
43542,426823,49.878616,8.618645
223494,35248,49.88227,8.642781
618572,35248,49.882298,8.643742
663394,300778,49.861603,8.667377
74739,300778,49.861656,8.667595
337106,383867,49.8729,8.661996
539346,383867,49.872833,8.662176
643462,383867,49.872852,8.662104
394410,383867,49.872784,8.662607
535099,342966,49.879894,8.647505
109662,116104,49.87497,8.642952
561648,116104,49.87497,8.642862
682733,116104,49.875145,8.643823
173494,116104,49.875065,8.643365
201972,41688,49.890533,8.672546
260499,209101,49.87478,8.635658
387524,209101,49.874912,8.635011
568429,209101,49.874847,8.635243
306668,209101,49.87478,8.638415
249179,549501,49.85309,8.657352
145507,549501,49.85317,8.657377
628160,181061,49.846752,8.624026
265327,329138,49.85862,8.62335
128546,506171,49.876038,8.647605
373456,506171,49.87559,8.647434
477468,506171,49.875797,8.648243
75056,506171,49.875805,8.647743
392829,599844,49.85618,8.651362
158142,573580,49.87387,8.656118
536449,448690,49.878193,8.661847
314647,139734,49.881435,8.617078
193466,119350,49.8532,8.646614
223023,449091,49.850533,8.653572
530869,123341,49.848362,8.646468
141856,102850,49.84829,8.646288
597267,88406,49.878677,8.667047
592111,209924,49.85336,8.652968
639978,209924,49.8535,8.652968
621422,209924,49.853405,8.652481
169967,411192,49.8472,8.655329
122943,555739,49.87276,8.650911
497393,555739,49.87269,8.651549
562519,555739,49.872932,8.65145
575620,555739,49.873047,8.651531
632717,555739,49.872883,8.651256
632033,555739,49.87291,8.650579
75510,659828,49.856403,8.62466
157400,125381,49.87961,8.63564
82860,125381,49.879543,8.635774
28627,125381,49.87958,8.635723
220844,577573,49.86875,8.620183
179023,312266,49.851143,8.662481
148875,139994,49.843494,8.646073
341613,642150,49.874947,8.64986
445024,642150,49.874115,8.650579
638562,642150,49.874653,8.64995
656132,642150,49.875145,8.649698
270769,493587,49.898304,8.654915
17911,624578,49.895576,8.654224
335399,391833,49.857883,8.668482
161786,391833,49.857445,8.668611
59888,194412,49.871906,8.662418
620493,194412,49.871883,8.662545
257557,41609,49.886806,8.656499
534029,478764,49.867016,8.626511
9739,525403,49.87578,8.61946
480672,444066,49.886715,8.661746
296697,566238,49.892136,8.654311
118280,566238,49.891293,8.653239
154251,566238,49.891754,8.653333
649548,566238,49.891808,8.653374
432249,149297,49.89065,8.696829
538859,55773,49.858562,8.651971
240291,613099,49.874603,8.674023
134737,613099,49.875473,8.672659
14120,613099,49.87458,8.671914
496790,613099,49.875156,8.672722
637797,613099,49.874775,8.672929
68511,613099,49.874855,8.674222
115768,525685,49.866356,8.603483
56246,368268,49.887943,8.632558
7992,368268,49.887924,8.632999
515040,368268,49.88794,8.632793
382668,242613,49.88124,8.650237
452656,242613,49.880676,8.650794
473991,242613,49.88116,8.649941
377254,242613,49.88109,8.65046
280583,444228,49.882313,8.659606
358798,105781,49.88528,8.669534
365635,624247,49.88444,8.631498
590363,624247,49.884296,8.631498
268462,628654,49.863125,8.632619
254567,79521,49.86166,8.647192
148671,461407,49.85056,8.627973
150086,224582,49.87529,8.662563
255360,139252,49.881638,8.677587
241829,463427,49.871544,8.6447
17731,35980,49.884445,8.651576
145946,119823,49.857662,8.633079
4185,119823,49.8588,8.634544
168281,119823,49.85824,8.633811
601674,473011,49.875496,8.624025
257699,383613,49.860245,8.623156
475637,399299,49.87358,8.677986
566462,399299,49.8734,8.678642
604546,30785,49.868954,8.662732
643289,386702,49.85406,8.640976
167055,299867,49.87299,8.65587
556682,299867,49.873047,8.655609
579445,299867,49.872868,8.655235
674340,299867,49.873104,8.656651
186646,14122,49.8703,8.656616
646523,448380,49.88575,8.669128
161875,160508,49.879395,8.670701
649897,421017,49.84387,8.65218
334969,406775,49.855427,8.636586
445499,406775,49.85497,8.637701
77205,47681,49.86093,8.687611
207457,215623,49.86163,8.680627
451612,17006,49.86979,8.627784
75110,659395,49.88036,8.664531
503186,613367,49.86782,8.614251
118972,24369,49.876255,8.650327
171816,24369,49.876118,8.650174
217188,24369,49.87601,8.650201
378034,24369,49.876434,8.650381
389234,24369,49.876263,8.650244
281621,24369,49.87629,8.650246
359418,259427,49.8833,8.638227
457889,259427,49.883392,8.638281
265050,259427,49.883354,8.638268
584576,70358,49.88985,8.636522
383043,495205,49.91086,8.669026
208747,235115,49.91046,8.646712
170287,106845,49.903023,8.667158
629862,264605,49.913624,8.645561
77125,264605,49.913414,8.645554
167083,54926,49.914257,8.645054
587858,54926,49.91537,8.644963
211484,370743,49.912197,8.662431
589998,200825,49.920753,8.654477
142655,200825,49.92058,8.654505
353657,170513,49.908924,8.674844
219207,502857,49.913864,8.6511
639751,130470,49.909904,8.649987
675970,368216,49.90622,8.656404
217663,626635,49.90165,8.655475
136176,284570,49.91765,8.654582
275317,200493,49.900234,8.666746
200740,387414,49.90572,8.660917
381792,269773,49.910988,8.657664
350961,675180,49.91339,8.655169
365867,436556,49.90312,8.663344
585846,416748,49.9034,8.66046
619124,354719,49.9065,8.65107
573691,235717,49.912186,8.665021
609263,184261,49.816975,8.64067
55597,429392,49.813923,8.62582
176229,429392,49.814793,8.625354
268040,429392,49.814926,8.625327
145527,673968,49.80417,8.636969
65691,673968,49.804214,8.636915
137429,111962,49.83294,8.645191
412845,78432,49.805824,8.642655
578608,78432,49.805866,8.64253
670040,127887,49.81193,8.652483
246411,491366,49.806213,8.636313
379063,491366,49.806442,8.636511
153051,243083,49.80853,8.675228
615324,243083,49.808464,8.675049
114955,243083,49.8085,8.675127
486694,357557,49.807747,8.645323
570117,357557,49.80771,8.645458
209435,357557,49.807713,8.645389
517726,635922,49.80861,8.651549
387101,623564,49.81167,8.646374
43927,623564,49.811245,8.646096
201937,623564,49.81131,8.64621
106560,162361,49.83854,8.645636
356049,538963,49.809826,8.654971
254164,518821,49.81844,8.649294
424785,518821,49.81833,8.649159
81024,518821,49.8184,8.649243
30882,238143,49.819077,8.667718
475196,238143,49.81881,8.668042
573253,238143,49.818943,8.667887
145770,366148,49.82461,8.644612
322081,281787,49.811264,8.670764
492121,281787,49.811066,8.671402
342687,281787,49.811157,8.671067
678808,276782,49.814133,8.646177
319012,276782,49.814087,8.646176
254365,185222,49.814095,8.669991
478861,185222,49.813828,8.670288
480681,185222,49.8147,8.671114
548655,185222,49.814587,8.671141
355600,185222,49.814335,8.67149
132773,280869,49.80989,8.64129
620765,280869,49.80968,8.64094
304775,2944,49.817978,8.647147
486333,164184,49.802338,8.646525
541571,390552,49.816723,8.644308
662570,390552,49.817413,8.643662
615571,390552,49.817066,8.644042
17756,471318,49.808746,8.637337
517961,471318,49.808575,8.637436
639954,166343,49.81574,8.648953
24217,653325,49.813187,8.648701
14229,427159,49.819714,8.657352
346012,427159,49.819813,8.65701
415066,427159,49.819767,8.657182
158283,545433,49.81208,8.645764
378370,468216,49.820583,8.64014
246664,64816,49.8289,8.644914
487289,403265,49.817516,8.635406
672407,403265,49.816128,8.634059
406709,219482,49.820816,8.644263
570405,219482,49.820637,8.644263
59849,219482,49.820683,8.644263
327919,519569,49.908283,8.673498
251643,278959,49.906826,8.679359
219757,278959,49.904804,8.67799
465487,389757,49.89639,8.674191
197918,185024,49.90653,8.744354
93572,185024,49.905582,8.744915
372531,362310,49.900936,8.682567
461650,116733,49.903564,8.734444
661461,116733,49.90264,8.735326
359370,98517,49.898403,8.681053
70881,252512,49.903095,8.680772
258332,101028,49.898945,8.693882
339151,221760,49.8959,8.686163
491352,368295,49.896336,8.680287
675582,219102,49.906017,8.676715
663173,215924,49.907898,8.67783
431667,479139,49.93075,8.647919
286265,479139,49.93097,8.647593
127592,590657,49.927994,8.64696
317580,591517,49.93226,8.642123
142051,453912,49.932476,8.676344
189651,383298,49.92959,8.643062
168706,454725,49.928875,8.653095
228933,680315,49.93168,8.661237
376425,31151,49.93195,8.659634
184859,31151,49.931633,8.659009
582450,31151,49.93162,8.65834
631824,31151,49.93136,8.65904
88738,640367,49.93132,8.655877
395361,215759,49.93102,8.629028
44248,215759,49.93095,8.628857
441212,215759,49.930977,8.628943
544027,597045,49.86439,8.588867
416981,266905,49.86439,8.588867
350374,479316,52.513897,13.610122
334269,535996,51.20433,6.821627
366240,535996,51.204453,6.821384
183477,13582,53.632862,10.174337
463834,13582,53.632545,10.173753
112200,145806,48.30115,10.901712
598876,145806,48.30077,10.901909
125468,161991,49.152145,8.20788
529722,161991,49.152233,8.207952
183507,490256,50.93783,6.952844
249606,490256,50.93782,6.95305
225685,205660,51.224327,7.594843
613307,205660,51.224434,7.594762
38582,314244,50.69674,8.415166
390823,314244,50.69662,8.415085
81232,314244,50.696712,8.415043
150711,464884,50.700165,8.412976
313182,68642,50.69795,8.405177
40962,110721,50.698345,8.411003
554365,105504,50.0975,8.852173
44933,372413,50.054245,8.701332
188189,125571,50.080444,8.7428
199066,125571,50.080162,8.742081
427193,326016,50.105854,8.763633
144297,172721,50.089706,8.804141
474380,172721,50.089565,8.804561
386725,150369,50.091312,8.807535
542829,150369,50.091293,8.807447
652477,150369,50.09042,8.808589
46342,389871,50.08238,8.82878
117257,389871,50.08216,8.829963
413380,389871,50.082302,8.829111
243166,389871,50.08221,8.829279
424934,389871,50.08169,8.828938
327092,313923,50.084385,8.809989
423820,313923,50.084953,8.811007
427785,1080,50.084045,8.836188
667003,1080,50.084023,8.836384
73911,112664,50.085484,8.795928
673575,112664,50.085484,8.795705
544633,138213,50.088425,8.800849
536936,138213,50.08847,8.800862
419285,215389,50.086586,8.798662
522346,215389,50.086823,8.799053
267212,305392,50.09134,8.801619
66972,305392,50.091167,8.801759
448720,288802,50.087982,8.798782
329550,288802,50.088024,8.79874
456929,229519,50.08367,8.838551
663865,229519,50.083736,8.838215
112338,15474,50.094097,8.805102
433080,369101,50.083836,8.827205
76439,369101,50.08406,8.827288
615203,641000,50.084915,8.814975
328870,641000,50.08447,8.81636
486161,496780,50.08478,8.805111
306555,496780,50.085014,8.804593
277688,656897,50.087097,8.808972
598117,656897,50.087036,8.809056
351724,259953,50.085182,8.825663
97909,259953,50.085506,8.825131
172072,350796,50.083385,8.832097
113824,350796,50.08342,8.832111
413150,287944,50.084656,8.822465
241764,287944,50.084038,8.822216
581711,261210,50.083637,8.820639
30995,261210,50.083664,8.820499
547020,482687,50.097694,8.790077
436877,482687,50.097557,8.790343
575237,591721,50.0947,8.796462
37118,591721,50.0949,8.796042
281989,114795,50.09318,8.775674
351207,148125,50.09593,8.775172
550191,653379,50.098824,8.784984
620572,653379,50.098763,8.784943
179455,52261,50.093704,8.783162
456797,52261,50.09393,8.782476
472911,421546,50.09456,8.771755
267609,25028,50.096962,8.783525
542396,25028,50.09662,8.783275
394971,25028,50.096752,8.783372
116056,609124,50.097614,8.776674
45847,609124,50.097523,8.776884
612692,357745,50.096497,8.780229
190533,357745,50.096462,8.780327
20827,172575,50.09551,8.786867
48268,172575,50.09548,8.78656
476126,648286,50.087326,8.77014
199210,648286,50.08748,8.770028
196087,648286,50.0874,8.770098
532670,94079,50.090343,8.773773
286331,94079,50.090416,8.773689
492379,618101,50.094856,8.774325
363109,622481,50.094868,8.774283
130494,175298,50.092957,8.780427
286070,175298,50.09274,8.78026
198529,175298,50.093056,8.780496
304035,446927,50.090183,8.770769
366426,446927,50.09004,8.770071
180120,248772,50.092537,8.787709
2615,248772,50.092564,8.786871
266736,270,50.093506,8.745738
544392,270,50.09303,8.746076
400164,586269,50.066666,8.732217
492283,586269,50.06681,8.732038
519374,202969,50.115555,8.783749
206119,202969,50.115597,8.783413
149615,79869,50.12607,8.789753
591398,249387,50.118855,8.793466
132666,505244,50.12164,8.788448
213609,505244,50.12162,8.78842
628715,30314,50.113033,8.782642
470626,520797,50.11775,8.783501
40706,54806,50.112568,8.787272
42104,244755,50.108303,8.77675
571148,244755,50.10858,8.777308
121392,172952,50.12442,8.790869
541562,172952,50.1238,8.790005
298059,172952,50.12391,8.790144
489899,490181,50.11939,8.785452
148447,490181,50.11941,8.785284
191525,546264,50.11269,8.785384
248889,546264,50.112858,8.785201
457471,25175,50.11536,8.790069
237241,596899,50.12131,8.79278
130899,376729,50.083485,8.764542
102220,376729,50.08397,8.765294
389085,376729,50.083557,8.765086
213595,653875,50.077812,8.76612
246294,653875,50.077904,8.766147
489926,376295,50.0798,8.770288
244682,376295,50.078953,8.768783
482815,145008,50.08256,8.766782
332656,145008,50.082085,8.766574
297774,363893,50.081577,8.77299
238178,363893,50.08119,8.772433
544000,208624,50.111954,8.754406
108526,208624,50.111843,8.753806
330806,208624,50.111916,8.752915
532977,294574,50.112408,8.748169
386134,294574,50.1124,8.748406
664034,294574,50.112324,8.747022
591163,328714,50.11256,8.7504
505974,150307,50.11202,8.743012
344618,150307,50.112,8.743124
212106,150307,50.111904,8.742341
157098,125908,50.105976,8.733199
184517,125908,50.10581,8.733088
475817,615191,50.10834,8.734099
377140,615191,50.108368,8.734309
38533,615191,50.10833,8.734337
488813,290159,50.105415,8.740981
12325,290159,50.105247,8.738471
646358,602437,50.10547,8.740657
677695,602437,50.10547,8.740894
24083,602437,50.10547,8.740852
326238,602437,50.10556,8.740689
147268,497832,50.10564,8.737035
382132,497832,50.10533,8.736408
64046,250668,50.1096,8.739432
528740,250668,50.109756,8.74034
474250,250668,50.10967,8.740266
67156,237832,50.107277,8.741598
506567,237832,50.107124,8.741515
421260,487585,50.106754,8.734676
630982,198203,50.083153,8.75609
141138,198203,50.083233,8.756034
365876,604627,50.08865,8.754469
357343,604627,50.088497,8.754344
422238,373511,50.08863,8.748754
528455,373511,50.088684,8.74881
335770,373511,50.088676,8.748989
655705,373511,50.08863,8.748675
69482,559941,50.083332,8.744659
90285,559941,50.083866,8.745468
492809,429177,50.080307,8.745528
338668,210534,50.085873,8.754162
635127,210534,50.08592,8.754134
593774,291880,50.08555,8.759208
251488,291880,50.085495,8.759208
404584,356314,50.085712,8.746576
465162,356314,50.08593,8.74677
134214,356314,50.085712,8.746438
508010,356314,50.08587,8.746851
176109,61972,50.090755,8.750319
185652,61972,50.091022,8.7519
507565,61972,50.08996,8.749896
647892,61972,50.090946,8.751226
238079,61972,50.090763,8.750392
57881,61972,50.09014,8.749906
570085,61972,50.090965,8.751872
365472,61972,50.091007,8.751299
315415,156047,50.089195,8.76117
602889,156047,50.08928,8.759904
465638,156047,50.089172,8.759819
59754,677691,50.087547,8.76353
620977,677691,50.087788,8.763389
502640,393570,50.083755,8.748249
118057,393570,50.083908,8.748192
340477,162030,50.102,8.776891
297665,162030,50.101707,8.777801
400880,578865,50.10504,8.777786
495370,578865,50.10515,8.777939
340126,570669,50.101063,8.774994
363485,504727,50.107582,8.77481
79678,504727,50.10748,8.774363
653003,127802,50.103306,8.772706
585926,127802,50.103165,8.773126
13233,271080,50.102356,8.778315
378503,271080,50.102127,8.7771
96781,223861,50.10213,8.773634
149495,134588,50.107246,8.769136
504848,134588,50.106815,8.768943
65337,295887,50.10429,8.77435
21960,295887,50.104298,8.773386
45262,63283,50.10165,8.771134
3944,63283,50.100433,8.771084
74392,361132,50.094864,8.759399
16188,361132,50.09497,8.759482
58567,549475,50.092323,8.756295
539486,549475,50.092358,8.756533
407744,202170,50.08956,8.764554
581606,202170,50.08964,8.764749
112318,202170,50.08963,8.76453
509287,542363,50.092747,8.751989
271675,542363,50.093338,8.752433
15418,542363,50.092808,8.751891
595835,542363,50.093365,8.752456
257950,606753,50.09317,8.762063
307997,606753,50.094006,8.762086
336065,143556,50.09118,8.769032
191857,143556,50.0911,8.76906
306947,143556,50.091038,8.76921
419268,143556,50.091362,8.768932
528325,128956,50.096195,8.754613
204042,128956,50.096222,8.75464
189205,128956,50.096294,8.754505
253402,128956,50.096115,8.75463
647572,230756,50.096348,8.755884
96855,230756,50.096107,8.756863
19667,230756,50.096294,8.756068
566214,230756,50.096092,8.757253
568899,545297,50.090313,8.76258
393098,545297,50.09007,8.762637
173886,254004,50.108948,8.745041
505177,47109,50.108646,8.743198
425171,47109,50.107418,8.744477
252754,388084,50.108105,8.748932
160798,361250,50.10955,8.749302
215370,361250,50.108505,8.751656
171105,393607,50.109924,8.751928
486538,545700,50.109035,8.755654
510744,545700,50.109818,8.757029
361110,545700,50.109657,8.757102
357259,545700,50.109097,8.755651
36745,545700,50.10928,8.757034
255047,638396,50.10948,8.795519
360469,638396,50.109425,8.795338
520329,638396,50.10951,8.795589
461925,269801,50.099964,8.783428
334795,269801,50.099617,8.784561
441996,506557,50.11125,8.800265
97580,506557,50.11196,8.802177
529930,506557,50.111603,8.8012
52103,1130,50.10842,8.786787
219224,1130,50.10827,8.786829
335549,417457,50.105713,8.785219
231260,417457,50.105747,8.785317
21957,431089,50.10271,8.784424
127629,431089,50.102448,8.784381
500032,431089,50.102554,8.784255
444458,431089,50.102844,8.784435
199002,431089,50.10289,8.78447
584467,431089,50.102757,8.784347
390617,342113,50.10038,8.785103
477293,342113,50.099915,8.785287
667797,511239,50.107925,8.79136
660570,511239,50.108006,8.791625
660867,511239,50.10778,8.790997
155103,426594,50.079834,8.760312
682695,636050,50.08066,8.759987
645106,636050,50.08159,8.7611
119589,39317,50.077984,8.756787
134435,39317,50.077957,8.757402
221147,99442,50.07997,8.757126
280326,21614,50.125584,8.807296
46556,21614,50.125484,8.807296
160369,21614,50.124947,8.807368
368287,311845,50.126244,8.793252
396443,311845,50.126305,8.793336
195498,311845,50.126125,8.793057
648836,343701,50.129856,8.797684
29517,343701,50.129772,8.797573
561282,366132,50.128334,8.795831
150584,366132,50.12819,8.795621
303631,422643,50.13175,8.799998
583186,422643,50.13171,8.799928
235186,42008,50.130146,8.804438
283374,42008,50.130238,8.80455
25509,394603,50.09535,8.768075
632470,394603,50.09527,8.768118
211102,394603,50.095234,8.768231
99061,394603,50.0954,8.767854
84466,394603,50.095333,8.768131
303555,540258,50.075287,8.779208
78448,518231,50.084713,8.772542
604697,518231,50.085415,8.771714
396434,518231,50.084652,8.77264
591550,518231,50.08501,8.772023
533761,530539,50.058826,8.776172
590139,183059,50.07507,8.783581
443227,361722,50.082275,8.777248
545841,361722,50.082565,8.77768
275341,361722,50.08242,8.777471
500771,196376,50.08484,8.791055
333601,196376,50.084812,8.790664
411995,284635,50.0839,8.784184
281291,284635,50.083755,8.783095
110267,588586,50.113968,8.806447
664002,93110,50.118626,8.807463
236009,93110,50.118744,8.807337
587268,54340,50.109894,8.81151
656166,54340,50.109894,8.811454
552059,253856,50.11453,8.808276
241030,253856,50.114353,8.80776
56148,253856,50.114437,8.808053
1839,589314,50.11351,8.807777
23597,589314,50.11361,8.807679
501104,514905,50.11624,8.811234
589615,514905,50.116302,8.811471
229487,514905,50.116566,8.811722
453767,44596,50.102386,8.745482
465757,44596,50.1021,8.746042
305919,507316,50.10272,8.749869
19676,507316,50.10261,8.74945
393928,373096,50.106213,8.749977
506812,373096,50.105988,8.750485
383981,373096,50.10592,8.749587
3635,665135,50.105377,8.74432
100708,665135,50.10502,8.743972
149938,622083,50.10193,8.744953
8635,254564,50.09892,8.750797
280992,439742,50.09874,8.755396
678618,439742,50.098614,8.754698
48851,45712,50.099857,8.765608
369764,45712,50.100163,8.765718
230819,45712,50.10071,8.766177
110305,45712,50.100746,8.766093
147963,45712,50.100185,8.765662
426929,45712,50.099964,8.765689
189588,45712,50.10064,8.765534
679139,670416,50.09977,8.761695
166508,670416,50.099987,8.762323
186137,670416,50.099987,8.762248
269981,670416,50.099827,8.762634
300647,670416,50.09986,8.761934
477350,670416,50.1001,8.763506
654520,670416,50.098892,8.758987
153259,670416,50.099262,8.760743
337445,213455,50.10192,8.759769
601425,213455,50.10177,8.759826
607336,213455,50.10194,8.759877
33250,143638,50.105247,8.758718
453811,143638,50.105362,8.758466
464975,143638,50.105503,8.758367
636638,346289,50.10356,8.753373
335546,346289,50.103752,8.754141
665104,163552,50.10537,8.766028
253567,163552,50.10529,8.766448
629113,163552,50.105404,8.76621
472036,163552,50.105614,8.764558
37834,450176,50.10499,8.764534
321768,450176,50.104702,8.764536
166077,450176,50.10536,8.764533
230116,450176,50.105118,8.76444
319298,450176,50.105186,8.764463
613766,450176,50.105457,8.764305
625752,450176,50.105225,8.76462
219267,390305,50.10651,8.760937
330369,390305,50.106476,8.761089
411143,390305,50.106297,8.761359
77239,390305,50.10641,8.761047
125682,390305,50.106365,8.761299
338642,373132,50.1073,8.764733
406987,669036,50.10429,8.766397
139913,551301,49.198692,8.205886
671257,639163,50.097885,8.766773
547553,275386,50.09783,8.76648
179090,452054,49.193546,8.195106
415528,452054,49.193436,8.195393
287812,216280,49.194096,8.188719
88700,216280,49.19454,8.187299
144035,550518,49.189903,8.190929
161846,550518,49.188854,8.191171
13531,340038,49.193,8.190381
623189,32667,49.19454,8.190003
194837,80757,49.2096,8.213162
112631,479047,49.622578,7.550897
431260,479047,49.62251,7.551032
137031,653924,49.19901,8.190048
506860,653924,49.199062,8.189905
200875,647647,49.62573,7.552352
653952,647647,49.62593,7.552765
351006,101796,48.146626,11.465539
386508,101796,48.146015,11.465719
511145,101796,48.146088,11.465746
547802,101796,48.1464,11.464776
85331,101796,48.146175,11.465656
345344,182387,50.807095,7.103868
529325,182387,50.80652,7.103428
258544,449415,49.274685,11.429454
282575,413072,49.279022,11.432598
442334,119040,49.2769,11.434413
498009,38951,49.27948,11.433182
445161,259572,49.280308,11.432329
111971,250873,49.27759,11.437979
585799,250873,49.277645,11.437871
131010,496340,49.272816,11.441087
410034,496340,49.27278,11.440881
290879,38947,49.27519,11.438662
588412,38947,49.275097,11.438554
399109,141556,49.27689,11.430514
165997,467766,49.276844,11.43514
552056,467766,49.276806,11.435419
82914,534829,47.936066,8.717054
486545,427304,52.47715,13.320285
487406,427304,52.47699,13.320242
153367,278157,50.19755,8.911404
184222,278157,50.197525,8.911234
20106,390882,50.130573,9.135489
476583,390882,50.130463,9.135633
540840,390882,50.130463,9.135437
11344,72549,50.236404,8.997211
257404,72549,50.236385,8.997041
601596,72549,50.23644,8.997169
102511,72549,50.23644,8.997113
96683,72549,50.23644,8.997365
209172,234800,50.126526,8.919714
43380,681214,50.12855,8.929514
487630,681214,50.127716,8.929333
553142,681214,50.128075,8.928801
593790,681214,50.12857,8.929066
43009,681214,50.128525,8.929136
396718,681214,50.128597,8.929402
107431,682135,50.14493,8.912031
194258,682135,50.14501,8.911415
198271,682135,50.144974,8.912132
467907,682135,50.144733,8.912419
618364,682135,50.144985,8.911289
346890,682135,50.145184,8.911107
231656,80728,50.129482,8.907094
358406,80728,50.129456,8.907024
141614,640809,50.130215,8.912197
578146,640809,50.130287,8.91224
94370,500212,50.129433,8.91322
650744,500212,50.12945,8.913623
634146,73071,50.127674,8.887033
534397,73071,50.12781,8.886889
681248,73071,50.127693,8.886889
283899,574488,50.13546,8.896354
403313,136851,50.130566,8.904546
97283,136851,50.13075,8.905749
317818,136851,50.130657,8.905583
199161,136851,50.130592,8.904602
654109,136851,50.130676,8.905525
373495,272453,50.14829,8.920769
277417,146737,50.12707,8.929195
468395,146737,50.127197,8.929404
240937,454834,50.142803,8.895639
41868,454834,50.142982,8.894855
187203,454834,50.14275,8.895594
518774,454834,50.14297,8.894992
343905,454834,50.142757,8.895443
87495,454834,50.142994,8.894981
2031,538130,50.149136,8.880207
551038,538130,50.149227,8.880277
154819,538130,50.149227,8.880319
324088,538130,50.149117,8.879843
342019,551409,50.13337,8.889212
590015,551409,50.133503,8.889197
164776,261506,50.132862,8.89643
149559,117133,50.141388,8.937931
234296,117133,50.141037,8.939064
193499,496320,50.150425,8.927188
467175,496320,50.150238,8.927845
488603,14454,50.152107,8.932124
589113,14454,50.152,8.931998
545468,390969,50.149616,8.874483
597515,390969,50.14951,8.874316
144772,350265,50.12487,8.938777
524484,350265,50.124397,8.938987
657118,631355,50.128197,8.934395
66711,631355,50.128136,8.935192
143257,631355,50.128162,8.934231
273446,631355,50.12812,8.935291
94468,631355,50.12816,8.934283
442845,631355,50.128124,8.935234
112651,357204,50.135677,8.934315
126399,357204,50.135525,8.935127
143458,621023,50.14146,8.942519
355318,621023,50.14146,8.942757
296762,110982,50.142616,8.937369
81290,110982,50.142662,8.937034
194184,110982,50.1427,8.937229
254518,110982,50.14252,8.9373
125962,8974,50.13529,8.918902
220212,8974,50.13511,8.918902
225319,8974,50.13511,8.918539
232142,8974,50.13538,8.918706
405919,8974,50.1351,8.918203
409762,8974,50.13519,8.918734
515542,8974,50.13501,8.919126
516086,8974,50.135296,8.918203
548183,8974,50.13519,8.918413
571583,8974,50.13537,8.918384
92260,8974,50.1353,8.918566
199736,8974,50.134964,8.918762
286794,8974,50.135155,8.918959
341179,8974,50.13536,8.918968
350256,8974,50.135517,8.918717
528143,8974,50.134693,8.918609
2890,8974,50.135082,8.918706
348609,8974,50.13538,8.918566
182946,632448,50.12862,8.896886
410915,632448,50.128635,8.897208
402181,632448,50.128674,8.897238
335819,632448,50.128593,8.897068
220263,632448,50.128654,8.896942
601166,54234,50.135094,8.898845
510872,299860,50.129322,8.920408
395508,299860,50.12919,8.920423
445333,299860,50.12943,8.920423
145892,41530,50.127148,8.92746
481990,41530,50.127598,8.926816
126418,41530,50.127632,8.926631
91522,41530,50.127144,8.927601
138070,583915,50.14206,8.932278
156404,583915,50.14186,8.931103
529178,583915,50.1421,8.93225
279447,583915,50.141815,8.931131
346916,328771,50.138958,8.909384
520028,328771,50.139084,8.908894
558453,328771,50.13891,8.909204
653215,328771,50.13907,8.908862
291101,328771,50.13913,8.909006
379453,328771,50.138943,8.90923
279339,502395,50.12158,8.933747
583920,502395,50.121147,8.933062
33773,93701,50.12165,8.930323
425528,93701,50.121883,8.93061
607733,93701,50.121643,8.930781
626762,93701,50.121555,8.930727
62105,93701,50.120953,8.929
136334,93701,50.12135,8.92842
75538,269265,50.120354,8.92743
659461,269265,50.120434,8.927498
149271,269265,50.120552,8.927512
49626,269265,50.12036,8.927512
129371,339403,50.12509,8.929434
614708,339403,50.125347,8.929362
513501,339403,50.125237,8.929393
155770,339403,50.125057,8.929533
574517,339403,50.125397,8.929239
4368,268561,50.112232,8.895855
265836,583355,50.139503,8.916139
429280,583355,50.13947,8.916405
166955,642447,50.13111,8.924744
471961,642447,50.13111,8.925023
17231,642447,50.1308,8.92456
304521,642447,50.131042,8.924783
174867,642447,50.130997,8.924825
31719,540675,50.132393,8.913886
671044,540675,50.132393,8.914543
669932,545686,50.14418,8.887312
264430,545686,50.14428,8.888221
458019,545686,50.14427,8.888123
91298,545686,50.144253,8.887522
144015,113263,50.14428,8.917064
62783,113263,50.144005,8.91922
535639,113263,50.14418,8.916635
237662,113263,50.14424,8.917068
189080,113263,50.1441,8.919251
370060,113263,50.144127,8.918132
389878,113263,50.144196,8.916691
109713,679972,50.14808,8.873592
128142,679972,50.14759,8.873481
316925,92394,50.133633,8.892666
9926,92394,50.133587,8.893057
274325,201266,50.13675,8.914027
336559,201266,50.136906,8.913695
310438,201266,50.13694,8.91371
401186,201266,50.13674,8.914074
615396,201266,50.136948,8.91364
463194,396467,50.14237,8.898882
673539,396467,50.142338,8.89925
561563,396467,50.14231,8.898816
630897,396467,50.142178,8.899739
126870,396467,50.142376,8.898955
482213,396467,50.14235,8.899207
598253,72971,50.149822,8.944985
565946,194056,50.12115,8.937719
98859,194056,50.12113,8.937817
83375,94938,50.143024,8.941636
49551,94938,50.143288,8.941621
162260,94938,50.143097,8.941538
68987,94938,50.143223,8.941537
111932,173374,50.145603,8.934316
462287,173374,50.14567,8.934036
195095,650320,50.13148,8.881775
617651,650320,50.131607,8.881579
558810,297087,50.14035,8.931245
57520,297087,50.14055,8.931175
204860,442549,50.137688,8.918717
482963,442549,50.137474,8.920031
428518,226876,50.129917,8.890143
516490,226876,50.130116,8.889667
411147,142631,50.135475,8.893403
405892,358059,50.14212,8.905278
445089,551542,50.1347,8.939338
636621,551542,50.134888,8.939519
79734,662115,50.128967,8.915582
34980,500418,50.147083,8.929627
457241,500418,50.147263,8.929543
411119,556370,50.101074,8.934684
514219,556370,50.100735,8.934288
284234,312588,50.132786,8.924457
3723,312588,50.133064,8.925014
475017,312588,50.13284,8.924696
227171,312588,50.13291,8.924612
36792,312588,50.13288,8.924612
482681,312588,50.133053,8.924864
578995,113093,50.130596,8.890696
109359,177175,50.1298,8.924044
436958,177175,50.12944,8.924268
604327,177175,50.12954,8.924408
9151,177175,50.1298,8.9241
195102,184348,50.13517,8.885347
462684,184348,50.134945,8.88504
571053,229986,50.14216,8.911045
675365,229986,50.142143,8.911001
652411,229986,50.142647,8.910832
143004,229986,50.142143,8.91114
343124,229986,50.1426,8.910916
143943,100100,50.12692,8.931754
277671,295670,50.1319,8.921915
563541,295670,50.131973,8.921691
522620,597010,50.13012,8.885163
568930,597010,50.129955,8.884842
585749,635892,50.135822,8.937518
378562,265513,50.125,8.914402
597874,265513,50.1258,8.914471
138079,248784,50.132988,8.917955
141367,248784,50.132797,8.917871
161742,248784,50.1324,8.91713
542805,248784,50.132538,8.917872
88292,248784,50.132374,8.91762
153323,595502,50.145782,8.911861
222595,162814,50.15191,8.927437
287123,162814,50.151882,8.926905
480657,270815,50.13648,8.941713
601504,270815,50.136147,8.941518
495239,505359,50.151394,8.939373
474676,218577,50.141434,8.925848
287940,218577,50.142063,8.925176
510146,218577,50.13957,8.923235
482083,218577,50.1406,8.92495
667052,218577,50.140533,8.924894
674522,218577,50.139633,8.923245
160273,444096,50.142357,8.923433
668172,444096,50.1419,8.923855
492247,444096,50.142315,8.923548
347048,444096,50.141872,8.923843
314676,78175,50.13837,8.922031
563522,78175,50.137985,8.92125
110201,78175,50.13834,8.921848
12358,78175,50.138367,8.922142
552936,78175,50.138393,8.922114
9599,78175,50.137978,8.921289
239990,257184,50.135834,8.911961
482813,257184,50.13639,8.911683
354913,257184,50.13596,8.911809
12094,257184,50.135994,8.911641
231933,257184,50.13593,8.911655
378757,257184,50.135994,8.911823
431210,627731,50.14894,8.914122
450574,430820,50.138165,8.893115
184588,430820,50.13827,8.893103
531277,430820,50.13812,8.893047
489349,430820,50.135536,8.893375
495392,581516,50.141598,8.928292
560807,581516,50.141453,8.928488
316846,581516,50.141533,8.92818
617721,581516,50.1415,8.928516
105071,438011,50.138588,8.931723
388109,438011,50.13872,8.931765
270237,84179,50.13416,8.881517
39421,84179,50.133595,8.880889
527339,534104,50.12944,8.900238
497243,534104,50.12935,8.900004
563254,534104,50.129448,8.900101
235593,534104,50.129375,8.900115
258281,534104,50.12936,8.899864
268303,99325,50.13914,8.943095
68371,99325,50.13933,8.943459
138950,664500,50.134426,8.923067
5240,664500,50.134758,8.922968
271116,99680,50.140503,8.902583
683025,99680,50.140087,8.902682
608194,99680,50.140266,8.902345
234369,99680,50.14024,8.902625
268495,99680,50.14052,8.902512
13374,79313,50.133087,8.898611
677823,67639,50.128498,8.892423
627378,67639,50.128525,8.892286
678884,67639,50.128445,8.89251
460280,67639,50.12848,8.892216
495039,67639,50.12847,8.892565
119825,435917,50.13786,8.918393
382403,435917,50.13784,8.918548
132767,435917,50.13776,8.918674
565250,435917,50.138103,8.91817
567306,435917,50.13778,8.918548
264433,361924,50.144478,8.936248
402679,224038,50.144318,8.909877
530370,224038,50.14453,8.909877
82368,224038,50.144405,8.909835
302776,224038,50.144382,8.910017
373233,224038,50.144543,8.909947
418288,224038,50.144325,8.909975
352921,361035,50.129604,8.925778
10289,361035,50.12956,8.925681
313617,361035,50.129684,8.925526
525148,361035,50.129665,8.925624
151586,88474,50.138294,8.940578
455970,88474,50.138134,8.941502
105095,555784,50.139755,8.910973
528982,555784,50.140095,8.911827
418790,555784,50.14005,8.91176
635216,555784,50.139732,8.911019
404882,555784,50.139698,8.911075
475227,555784,50.14015,8.911746
324570,639582,50.12591,8.935223
644326,639582,50.126328,8.933936
222539,35716,50.148167,8.908611
455865,35716,50.14895,8.908907
465820,35716,50.14889,8.908834
276743,35716,50.14812,8.908625
406158,35716,50.148983,8.908861
592717,44718,50.150787,8.93498
673843,44718,50.150818,8.935162
113843,137944,50.13195,8.908818
591790,137944,50.131836,8.910138
75199,137944,50.13194,8.910686
558733,137944,50.132515,8.910487
158704,137944,50.131874,8.910166
116683,137944,50.131706,8.910432
254080,137944,50.13245,8.910711
40309,137944,50.131985,8.910628
682555,137944,50.13176,8.910097
856,137944,50.132515,8.910543
418692,137944,50.132473,8.910665
43557,1099,50.124687,8.91506
520810,1099,50.124622,8.915606
42875,60969,50.144382,8.883772
445575,60969,50.14452,8.882779
649321,60969,50.14452,8.882863
128435,60969,50.14387,8.88325
181163,60969,50.14442,8.883907
315764,509731,50.115025,8.933898
558444,509731,50.114796,8.934554
501121,611255,50.09932,8.953345
538032,611255,50.098816,8.953443
320490,611255,50.098843,8.953383
18447,268909,50.10705,8.943837
383861,436739,50.10597,8.943079
445261,436739,50.106487,8.941678
476398,319164,50.116955,8.930817
98403,319164,50.11655,8.931275
223868,592842,50.104603,8.966004
506277,592842,50.104645,8.965892
629638,592842,50.10461,8.965806
639123,592842,50.10469,8.965977
487378,46187,50.109444,8.938659
551710,46187,50.109615,8.938695
222305,666375,50.110455,8.946945
600887,666375,50.1105,8.947253
122415,69967,50.104183,8.951719
184959,69967,50.104748,8.951536
349162,69967,50.10429,8.952026
493539,69967,50.103924,8.951383
258449,194355,50.09536,8.948595
466207,194355,50.09571,8.950221
204952,194355,50.095623,8.950134
478632,194355,50.09521,8.949631
538263,167062,50.104134,8.960245
103211,635311,50.105156,8.956778
231053,635311,50.10515,8.956946
231319,611583,50.111973,8.937545
504702,611583,50.11208,8.937644
333004,275178,50.100166,8.951586
209833,275178,50.10046,8.950926
627674,275178,50.100372,8.95108
212415,532176,50.095,8.95442
86679,532176,50.094643,8.953736
147149,319306,50.10828,8.944641
571626,319306,50.10842,8.944473
31456,519849,50.103165,8.945918
386393,519849,50.103157,8.945235
383236,519849,50.10329,8.946562
569682,519849,50.10251,8.948114
179896,532414,50.10539,8.955226
334290,532414,50.10576,8.955016
346726,532414,50.10566,8.955463
14584,577803,50.10616,8.948082
166978,577803,50.106213,8.947942
224974,377524,50.101936,8.954544
398535,125432,50.109352,8.951783
553149,125432,50.108913,8.952776
167571,511550,50.10043,8.961283
360956,658152,50.107334,8.969148
632862,658152,50.107224,8.969193
236858,658152,50.107433,8.968952
680062,658152,50.107273,8.969063
109716,246429,50.107388,8.961123
215438,246429,50.10756,8.962619
303072,246429,50.106667,8.963081
25438,224904,50.095417,8.934454
209747,82471,50.09789,8.934604
392161,454458,50.09865,8.930578
319702,318689,50.09103,8.935787
669850,318689,50.09108,8.935704
556202,585891,50.098633,8.927084
165688,585891,50.098618,8.926954
644502,585891,50.09868,8.927056
27171,569584,50.09546,8.929506
471496,569584,50.09574,8.930368
562250,569584,50.095867,8.930458
262871,569584,50.09545,8.930261
182762,103134,50.10072,8.9301
176510,509443,50.10167,8.923909
554122,509443,50.102222,8.923082
490674,509443,50.10208,8.923374
260634,509443,50.10175,8.92392
294269,509443,50.102333,8.922927
621638,589132,50.101673,8.933173
97337,325068,50.10044,8.917339
413470,325068,50.100506,8.916766
598790,325068,50.100746,8.917394
486595,415965,50.10362,8.919822
219369,415965,50.10352,8.919626
517792,415965,50.10359,8.920437
305411,235066,50.175167,8.88325
553480,235066,50.174168,8.880509
463523,235066,50.17422,8.880467
86266,64024,50.178772,8.883773
139135,384365,50.1765,8.87963
638612,424586,50.178093,8.887975
631927,424586,50.178074,8.888045
83025,424586,50.178577,8.887092
205204,376679,50.179035,8.894665
43298,376679,50.178917,8.894357
479620,376679,50.179207,8.895126
525290,376679,50.17907,8.894679
7126,217134,50.17674,8.889336
306955,217134,50.17714,8.889055
515795,217134,50.176647,8.889406
13773,210484,50.178185,8.891265
280282,210484,50.17829,8.890536
574501,210484,50.178097,8.891643
579655,421867,50.17678,8.886284
222364,421867,50.17667,8.886368
167666,421867,50.176735,8.886466
174163,53701,50.121643,8.908423
594969,53701,50.121563,8.908074
265796,53701,50.12134,8.907859
49970,53701,50.12159,8.9081
504340,53701,50.12137,8.906852
271440,213699,50.105885,8.912675
303531,213699,50.10585,8.912437
195278,213699,50.10583,8.912518
280761,213699,50.106113,8.913623
113404,250782,50.119503,8.908483
50540,250782,50.119232,8.908847
501824,438351,50.10826,8.913565
125871,195082,50.11806,8.905074
32639,195082,50.117863,8.904893
405550,247973,50.10539,8.910775
641423,247973,50.10502,8.908997
333987,509876,50.11011,8.901162
551658,509876,50.110237,8.901315
617000,509876,50.11021,8.90137
360309,45521,50.11254,8.91455
675804,45521,50.112026,8.914719
54793,503623,50.113163,8.910504
479813,636562,50.107403,8.910911
672907,636562,50.107216,8.911009
348612,36894,50.1098,8.914877
13256,655116,50.11338,8.908118
290030,655116,50.113533,8.908159
330779,655116,50.11342,8.908045
148632,23745,50.106476,8.904804
519673,23745,50.10616,8.904231
85179,23745,50.106445,8.904856
112363,584439,50.11734,8.910697
92772,584439,50.11671,8.910866
322362,23683,50.113914,8.902342
267426,23683,50.112503,8.901972
152025,532059,50.115406,8.911861
34084,532059,50.115307,8.911917
212766,605164,50.11698,8.901665
355427,605164,50.117054,8.901875
241319,1403,50.10648,8.914044
277919,633957,50.109993,8.909578
50520,633957,50.109543,8.909746
349467,633957,50.10958,8.909734
131029,294249,50.11547,8.902465
540733,294249,50.115543,8.902437
532767,533848,50.11222,8.895705
536484,533848,50.11187,8.895846
297293,497103,50.10711,8.900157
210791,497103,50.10768,8.899853
5230,497103,50.107124,8.900106
522869,363451,50.118084,8.958025
557924,363451,50.117977,8.958137
24171,363451,50.11794,8.958151
605945,363451,50.117912,8.957661
638685,618388,50.123463,8.958101
141477,84453,50.125755,8.945027
594485,84453,50.125603,8.944817
509657,84453,50.125786,8.945125
490567,84453,50.12556,8.944733
294910,258145,50.125202,8.949229
224005,258145,50.124996,8.950425
198391,510280,50.12037,8.962539
287028,510280,50.120495,8.962749
380125,510280,50.1206,8.962693
647125,510280,50.120476,8.962721
212526,541650,50.11813,8.958095
336512,312717,50.13053,8.978363
549360,312717,50.130585,8.978615
548139,383921,50.11399,8.951709
571881,383921,50.113937,8.951401
91490,383921,50.113956,8.951583
310826,383921,50.114056,8.951751
481658,401790,50.126453,8.953459
507635,287022,50.126225,8.947236
502032,514398,50.12718,8.948703
224951,178846,50.112015,8.953137
299768,178846,50.1123,8.952799
429601,178846,50.112267,8.953248
105103,18205,50.12459,8.948888
212067,18205,50.12452,8.949657
648299,18205,50.124527,8.949797
258475,18205,50.124554,8.948874
474584,550644,50.125435,8.969975
143218,550644,50.125504,8.969807
123222,459656,50.124084,8.970941
123960,505446,50.12191,8.97578
613021,361139,50.119442,8.958988
213156,361139,50.11936,8.959016
153359,361139,50.11988,8.958499
549918,109489,49.395733,7.21614
64628,109489,49.39556,7.216257
473052,155442,48.17269,11.527891
615971,155442,48.17276,11.527981
639194,155442,48.171616,11.528511
80950,155442,48.171883,11.528646
574755,442874,49.661095,7.83215
74281,308239,50.172405,9.124064
91687,308239,50.17185,9.123446
350940,348627,50.26757,8.993605
22214,442486,49.621033,12.425847
71285,442486,49.620968,12.425937
46725,374946,50.1234,8.851716
548397,129737,50.27785,8.802194
452307,129737,50.277287,8.802716
21794,115691,50.222122,8.907407
446479,115691,50.22167,8.907039
111354,115691,50.221855,8.907266
478244,14587,48.88727,8.746043
626702,14587,48.88672,8.744668
655602,379577,50.1997,8.856509
485553,379577,50.19864,8.858207
336102,402081,49.168526,7.518126
314704,235254,50.294563,8.75448
606984,235254,50.2945,8.754397
